numero_inventaire;uuid_notice;uuid_image
9088;c2f5601b-1195-05b5-4f63-bbb2dedea135;
520;c2f5601b-1195-05b5-4f63-bbb2dedea135;
9300B;c2f5601b-1195-05b5-4f63-bbb2dedea135;
1996-L.o.b.42;c2f5601b-1195-05b5-4f63-bbb2dedea135;
1994-O.9;c2f5601b-1195-05b5-4f63-bbb2dedea135;3b692648-d4cd-b5a5-a39b-c694193e2cae
2015-R.5;c2f5601b-1195-05b5-4f63-bbb2dedea135;
8619;c2f5601b-1195-05b5-4f63-bbb2dedea135;26ac93a9-6238-f6bc-acdc-590e698670e2
1986-L.9;c2f5601b-1195-05b5-4f63-bbb2dedea135;
6042;c2f5601b-1195-05b5-4f63-bbb2dedea135;
1987-L.12;c2f5601b-1195-05b5-4f63-bbb2dedea135;
2020-R.5;c2f5601b-1195-05b5-4f63-bbb2dedea135;
1996-L.o.b.41;c2f5601b-1195-05b5-4f63-bbb2dedea135;
4848;c2f5601b-1195-05b5-4f63-bbb2dedea135;
REL-70;c2f5601b-1195-05b5-4f63-bbb2dedea135;
1996-L.o.b.81;c2f5601b-1195-05b5-4f63-bbb2dedea135;
6443;c2f5601b-1195-05b5-4f63-bbb2dedea135;
4105;c2f5601b-1195-05b5-4f63-bbb2dedea135;
513;c2f5601b-1195-05b5-4f63-bbb2dedea135;a7b40f71-7d59-05a1-a646-8b4e0a317bbd
5355;c2f5601b-1195-05b5-4f63-bbb2dedea135;
5000;c2f5601b-1195-05b5-4f63-bbb2dedea135;
2018-C.1;c2f5601b-1195-05b5-4f63-bbb2dedea135;
REL-19;c2f5601b-1195-05b5-4f63-bbb2dedea135;
2011-L.25;c2f5601b-1195-05b5-4f63-bbb2dedea135;
8658;c2f5601b-1195-05b5-4f63-bbb2dedea135;8c3f7ff0-d2ab-009b-eab4-a460bf98bbe0
1996-L.o.b.12;c2f5601b-1195-05b5-4f63-bbb2dedea135;
REL-35;c2f5601b-1195-05b5-4f63-bbb2dedea135;
7059B;c2f5601b-1195-05b5-4f63-bbb2dedea135;1ffe4f2e-eb05-7f67-5f7f-0343f281563f
8579;c2f5601b-1195-05b5-4f63-bbb2dedea135;221e0a96-5d10-0c4e-a513-d708c994b861
CL-19;c2f5601b-1195-05b5-4f63-bbb2dedea135;07096420-a467-402e-6f6e-db2bcb75e790
7125;c2f5601b-1195-05b5-4f63-bbb2dedea135;aa107f52-56af-59f2-2da0-d167dab805c2
1985-L.2;c2f5601b-1195-05b5-4f63-bbb2dedea135;
571A;c2f5601b-1195-05b5-4f63-bbb2dedea135;
7097;c2f5601b-1195-05b5-4f63-bbb2dedea135;
762;c2f5601b-1195-05b5-4f63-bbb2dedea135;
1996-L.o.b.47;c2f5601b-1195-05b5-4f63-bbb2dedea135;
5430;c2f5601b-1195-05b5-4f63-bbb2dedea135;
2020-C.3;c2f5601b-1195-05b5-4f63-bbb2dedea135;e6110cc4-eddd-8bba-a03c-9227853156f2
5064;c2f5601b-1195-05b5-4f63-bbb2dedea135;
3917;c2f5601b-1195-05b5-4f63-bbb2dedea135;
2015-R.3;c2f5601b-1195-05b5-4f63-bbb2dedea135;
2015-R.4;c2f5601b-1195-05b5-4f63-bbb2dedea135;
6067;c2f5601b-1195-05b5-4f63-bbb2dedea135;
5354;c2f5601b-1195-05b5-4f63-bbb2dedea135;
8623;c2f5601b-1195-05b5-4f63-bbb2dedea135;
LXXXIX;c2f5601b-1195-05b5-4f63-bbb2dedea135;a2456b8b-09d2-bb96-994e-dc350eb76e1e
550B;c2f5601b-1195-05b5-4f63-bbb2dedea135;
9167A;c2f5601b-1195-05b5-4f63-bbb2dedea135;7b19678e-5c92-7e17-79c6-2100ebf3aaff
7266;c2f5601b-1195-05b5-4f63-bbb2dedea135;379a2a8a-4cbe-6b51-e1a7-3eb39ed12ac8
8572A;c2f5601b-1195-05b5-4f63-bbb2dedea135;
845;c2f5601b-1195-05b5-4f63-bbb2dedea135;7b0596c9-b58f-b8b1-99a7-053482cc4f53
8511;c2f5601b-1195-05b5-4f63-bbb2dedea135;
7995;c2f5601b-1195-05b5-4f63-bbb2dedea135;
2302;c2f5601b-1195-05b5-4f63-bbb2dedea135;5102d3f5-900b-6f72-0f8d-a189654ba41f
5970;c2f5601b-1195-05b5-4f63-bbb2dedea135;
REL-38;c2f5601b-1195-05b5-4f63-bbb2dedea135;
GGL-6;c2f5601b-1195-05b5-4f63-bbb2dedea135;0779c8b5-5bcf-ab11-644f-c7a7f55d83e6
5333;c2f5601b-1195-05b5-4f63-bbb2dedea135;
323;c2f5601b-1195-05b5-4f63-bbb2dedea135;
2604;c2f5601b-1195-05b5-4f63-bbb2dedea135;
1996-L.o.b.55;c2f5601b-1195-05b5-4f63-bbb2dedea135;
1996-L.o.b.86;c2f5601b-1195-05b5-4f63-bbb2dedea135;
5360;c2f5601b-1195-05b5-4f63-bbb2dedea135;
REL-101;c2f5601b-1195-05b5-4f63-bbb2dedea135;
4076A;c2f5601b-1195-05b5-4f63-bbb2dedea135;
8533;c2f5601b-1195-05b5-4f63-bbb2dedea135;
5326;c2f5601b-1195-05b5-4f63-bbb2dedea135;
1994-O.13;c2f5601b-1195-05b5-4f63-bbb2dedea135;
1973-O.4;c2f5601b-1195-05b5-4f63-bbb2dedea135;
1981-R.7;c2f5601b-1195-05b5-4f63-bbb2dedea135;
REL-77;c2f5601b-1195-05b5-4f63-bbb2dedea135;
3981;c2f5601b-1195-05b5-4f63-bbb2dedea135;
1994-O.10;c2f5601b-1195-05b5-4f63-bbb2dedea135;effee094-8eed-3361-48a6-f0cd613c68f7
5896;c2f5601b-1195-05b5-4f63-bbb2dedea135;
2575(duplo?);c2f5601b-1195-05b5-4f63-bbb2dedea135;
2419B;c2f5601b-1195-05b5-4f63-bbb2dedea135;deda3e08-c2f0-29fd-ae74-fc0ffa20e418
5496;c2f5601b-1195-05b5-4f63-bbb2dedea135;
REL-85;c2f5601b-1195-05b5-4f63-bbb2dedea135;
1973-L.5;c2f5601b-1195-05b5-4f63-bbb2dedea135;
1994-O.17;c2f5601b-1195-05b5-4f63-bbb2dedea135;f4f97baf-4390-8df3-4b29-2a52190b4f10
1996-L.o.b.84;c2f5601b-1195-05b5-4f63-bbb2dedea135;
3405;c2f5601b-1195-05b5-4f63-bbb2dedea135;58a11bbb-8e9b-cbbc-d459-37bd57c4b652
5524;c2f5601b-1195-05b5-4f63-bbb2dedea135;
8646;c2f5601b-1195-05b5-4f63-bbb2dedea135;ef5d97ca-1d63-fb0e-1450-fb19971b5e81
CL-17;c2f5601b-1195-05b5-4f63-bbb2dedea135;045e265e-ec79-ea46-4f02-56012555430f
2822;c2f5601b-1195-05b5-4f63-bbb2dedea135;
2020-C.1;c2f5601b-1195-05b5-4f63-bbb2dedea135;aa2ba83d-823e-2ad2-4752-a21283526b20
7377;c2f5601b-1195-05b5-4f63-bbb2dedea135;298729d3-335b-2909-79f4-b0c1c402ac55
5123;c2f5601b-1195-05b5-4f63-bbb2dedea135;
5859;c2f5601b-1195-05b5-4f63-bbb2dedea135;
5663;c2f5601b-1195-05b5-4f63-bbb2dedea135;
7248;c2f5601b-1195-05b5-4f63-bbb2dedea135;9d1564f4-3a17-addd-aaae-8198578b27a2
9810;c2f5601b-1195-05b5-4f63-bbb2dedea135;
5356;c2f5601b-1195-05b5-4f63-bbb2dedea135;
3054;c2f5601b-1195-05b5-4f63-bbb2dedea135;
1986-L.13;c2f5601b-1195-05b5-4f63-bbb2dedea135;
1981-R.2;c2f5601b-1195-05b5-4f63-bbb2dedea135;
7128;c2f5601b-1195-05b5-4f63-bbb2dedea135;98ad8304-c8e9-fafd-822d-817e97e1de3c
5871;c2f5601b-1195-05b5-4f63-bbb2dedea135;
6517;c2f5601b-1195-05b5-4f63-bbb2dedea135;db538b0b-cfb4-66fa-c1a2-13583f7203ce
2017-L.3;c2f5601b-1195-05b5-4f63-bbb2dedea135;
4010;c2f5601b-1195-05b5-4f63-bbb2dedea135;
2018-B.1;c2f5601b-1195-05b5-4f63-bbb2dedea135;26f743a0-b9d7-4b10-5906-2d3e4dbe9c7c
4820;c2f5601b-1195-05b5-4f63-bbb2dedea135;
8513;c2f5601b-1195-05b5-4f63-bbb2dedea135;
1972-R.1;c2f5601b-1195-05b5-4f63-bbb2dedea135;
8661;c2f5601b-1195-05b5-4f63-bbb2dedea135;40ef4d8f-8e6b-1552-7be9-4f7bc8adde56
2576;c2f5601b-1195-05b5-4f63-bbb2dedea135;
2020-C.10;c2f5601b-1195-05b5-4f63-bbb2dedea135;e0842b19-6995-e2b0-31cd-289fb85262cf
4076B;c2f5601b-1195-05b5-4f63-bbb2dedea135;
REL-13;c2f5601b-1195-05b5-4f63-bbb2dedea135;
REL-29;c2f5601b-1195-05b5-4f63-bbb2dedea135;
5329;c2f5601b-1195-05b5-4f63-bbb2dedea135;
XX;c2f5601b-1195-05b5-4f63-bbb2dedea135;2b278b5e-40d2-75b6-8b58-6f0f8b47cd48
7681;c2f5601b-1195-05b5-4f63-bbb2dedea135;d6dc9834-558c-cc9c-464a-712449788e37
8867;c2f5601b-1195-05b5-4f63-bbb2dedea135;fbacd33e-c10b-604e-64da-adaedace2391
3648;c2f5601b-1195-05b5-4f63-bbb2dedea135;8d8021e0-adb6-faa2-d69e-5db96c6ff036
6080;c2f5601b-1195-05b5-4f63-bbb2dedea135;
8691;c2f5601b-1195-05b5-4f63-bbb2dedea135;c60e627b-ea31-0446-975f-864f3689f31b
2013-R.1;c2f5601b-1195-05b5-4f63-bbb2dedea135;
8073;c2f5601b-1195-05b5-4f63-bbb2dedea135;241f538b-7681-3605-a1ea-602219acd9da
1973-R.1;c2f5601b-1195-05b5-4f63-bbb2dedea135;
8614;c2f5601b-1195-05b5-4f63-bbb2dedea135;dd4d8946-7cf4-041b-e68e-90b1b9b13d04
8639;c2f5601b-1195-05b5-4f63-bbb2dedea135;1444a4c0-42f8-51f2-35d0-23b4c7c5e160
2011-B.3;c2f5601b-1195-05b5-4f63-bbb2dedea135;d8f715a0-3155-d8ab-8eea-b866109e7dc6
1986-L.10;c2f5601b-1195-05b5-4f63-bbb2dedea135;
8541(11);c2f5601b-1195-05b5-4f63-bbb2dedea135;
REL-61;c2f5601b-1195-05b5-4f63-bbb2dedea135;
2020-B.1;c2f5601b-1195-05b5-4f63-bbb2dedea135;4af2ddb7-4ae0-6747-a1bc-bb1ad0cc32bb
2020-R.1;c2f5601b-1195-05b5-4f63-bbb2dedea135;
8503;c2f5601b-1195-05b5-4f63-bbb2dedea135;
3978;c2f5601b-1195-05b5-4f63-bbb2dedea135;
REL-25;c2f5601b-1195-05b5-4f63-bbb2dedea135;
2016-L.2;c2f5601b-1195-05b5-4f63-bbb2dedea135;
1971-L.8;c2f5601b-1195-05b5-4f63-bbb2dedea135;
8650;c2f5601b-1195-05b5-4f63-bbb2dedea135;f061d6f7-7b6b-8d2b-a500-d4d09105b98a
1973-L.4;c2f5601b-1195-05b5-4f63-bbb2dedea135;
REL-21;c2f5601b-1195-05b5-4f63-bbb2dedea135;
6094;c2f5601b-1195-05b5-4f63-bbb2dedea135;
2021-R.1;c2f5601b-1195-05b5-4f63-bbb2dedea135;b387d0cb-2c7b-db83-86b5-29d8040ea322
8644;c2f5601b-1195-05b5-4f63-bbb2dedea135;f32417d7-1b42-6a53-c114-7e8f484ab03c
8530;c2f5601b-1195-05b5-4f63-bbb2dedea135;
REL-57;c2f5601b-1195-05b5-4f63-bbb2dedea135;
REL-27;c2f5601b-1195-05b5-4f63-bbb2dedea135;
5888;c2f5601b-1195-05b5-4f63-bbb2dedea135;
REL-30;c2f5601b-1195-05b5-4f63-bbb2dedea135;
993;c2f5601b-1195-05b5-4f63-bbb2dedea135;
299;c2f5601b-1195-05b5-4f63-bbb2dedea135;
2015-R.2;c2f5601b-1195-05b5-4f63-bbb2dedea135;
GGL-22;c2f5601b-1195-05b5-4f63-bbb2dedea135;
5460;c2f5601b-1195-05b5-4f63-bbb2dedea135;
3836;c2f5601b-1195-05b5-4f63-bbb2dedea135;
7264;c2f5601b-1195-05b5-4f63-bbb2dedea135;c9e3c0ce-8349-74a9-d5b2-a7e936cf0947
753;c2f5601b-1195-05b5-4f63-bbb2dedea135;
REL-81;c2f5601b-1195-05b5-4f63-bbb2dedea135;
5442;c2f5601b-1195-05b5-4f63-bbb2dedea135;9a3c51e8-d877-f040-66bf-9a7e0b9928ec
REL-79;c2f5601b-1195-05b5-4f63-bbb2dedea135;
3914(2);c2f5601b-1195-05b5-4f63-bbb2dedea135;
551;c2f5601b-1195-05b5-4f63-bbb2dedea135;6a37f8d3-2766-741a-0904-882a3fa7c650
7122;c2f5601b-1195-05b5-4f63-bbb2dedea135;d0765a4c-0f03-d19d-6379-8fc6c40d5448
1996-L.o.b.124;c2f5601b-1195-05b5-4f63-bbb2dedea135;
1986-L.12;c2f5601b-1195-05b5-4f63-bbb2dedea135;
2301A;c2f5601b-1195-05b5-4f63-bbb2dedea135;d877ad02-8fe8-b4a0-dfa7-c64e01472a58
REL-40;c2f5601b-1195-05b5-4f63-bbb2dedea135;
6201;c2f5601b-1195-05b5-4f63-bbb2dedea135;
5915;c2f5601b-1195-05b5-4f63-bbb2dedea135;
1996-L.o.b.125;c2f5601b-1195-05b5-4f63-bbb2dedea135;
6541;c2f5601b-1195-05b5-4f63-bbb2dedea135;
2014-L.1;c2f5601b-1195-05b5-4f63-bbb2dedea135;
550A;c2f5601b-1195-05b5-4f63-bbb2dedea135;
8524;c2f5601b-1195-05b5-4f63-bbb2dedea135;
GGL-4;c2f5601b-1195-05b5-4f63-bbb2dedea135;
8634;c2f5601b-1195-05b5-4f63-bbb2dedea135;2ac7e9c9-a150-30fe-63b7-ecd0baf535a6
2494;c2f5601b-1195-05b5-4f63-bbb2dedea135;61466a1d-e87d-d52f-db2e-210101af0ccd
2821;c2f5601b-1195-05b5-4f63-bbb2dedea135;
8633;c2f5601b-1195-05b5-4f63-bbb2dedea135;2dd9e631-3521-952b-d7fe-d067406804f6
5844;c2f5601b-1195-05b5-4f63-bbb2dedea135;
2020-C.36;c2f5601b-1195-05b5-4f63-bbb2dedea135;eaf58189-5cea-0b8c-302e-b351c298d41b
3770;c2f5601b-1195-05b5-4f63-bbb2dedea135;
1031;c2f5601b-1195-05b5-4f63-bbb2dedea135;
CL-8;c2f5601b-1195-05b5-4f63-bbb2dedea135;0ffe738d-7cad-761b-43cf-278930db7788
8522;c2f5601b-1195-05b5-4f63-bbb2dedea135;
8615;c2f5601b-1195-05b5-4f63-bbb2dedea135;e1fe5f68-f8af-dd71-fed1-8617fc611244
2011-L.39;c2f5601b-1195-05b5-4f63-bbb2dedea135;
5340;c2f5601b-1195-05b5-4f63-bbb2dedea135;
2011-L.33;c2f5601b-1195-05b5-4f63-bbb2dedea135;
2020-C.2;c2f5601b-1195-05b5-4f63-bbb2dedea135;ecdc8746-7c6b-4c13-9a86-eac484fee9bb
5365;c2f5601b-1195-05b5-4f63-bbb2dedea135;
2607;c2f5601b-1195-05b5-4f63-bbb2dedea135;
8672;c2f5601b-1195-05b5-4f63-bbb2dedea135;721f7f27-3cd4-992a-f22c-47261a99fa00
4504;c2f5601b-1195-05b5-4f63-bbb2dedea135;9c67c1b0-1ef8-e233-f95f-19488b221b4d
1972-L.8;c2f5601b-1195-05b5-4f63-bbb2dedea135;
5676;c2f5601b-1195-05b5-4f63-bbb2dedea135;
2006-R.1;c2f5601b-1195-05b5-4f63-bbb2dedea135;
8575B;c2f5601b-1195-05b5-4f63-bbb2dedea135;dda14a69-9da9-9165-5721-4181d5be0b93
8962;c2f5601b-1195-05b5-4f63-bbb2dedea135;
REL-94;c2f5601b-1195-05b5-4f63-bbb2dedea135;
770;c2f5601b-1195-05b5-4f63-bbb2dedea135;
7126;c2f5601b-1195-05b5-4f63-bbb2dedea135;0867e7a4-62fa-149b-35e3-798c95adcf17
1972-N.1;c2f5601b-1195-05b5-4f63-bbb2dedea135;0adf23c2-b830-de63-054c-c9ed61809571
2020-C.44;c2f5601b-1195-05b5-4f63-bbb2dedea135;05766275-26b2-c83b-b7ef-a98917872f54
1996-L.o.b.43;c2f5601b-1195-05b5-4f63-bbb2dedea135;
2422A;c2f5601b-1195-05b5-4f63-bbb2dedea135;01c4bd00-59e3-a49c-5248-41e9f312f729
2414;c2f5601b-1195-05b5-4f63-bbb2dedea135;a5a725af-b93f-b7db-13ee-62def96465ea
1972-R.2;c2f5601b-1195-05b5-4f63-bbb2dedea135;
5870;c2f5601b-1195-05b5-4f63-bbb2dedea135;
REL-67;c2f5601b-1195-05b5-4f63-bbb2dedea135;
8672_duplicate;c2f5601b-1195-05b5-4f63-bbb2dedea135;
8631;c2f5601b-1195-05b5-4f63-bbb2dedea135;12d88d2d-827b-c5c5-bf88-c7a887fb6f45
7145;c2f5601b-1195-05b5-4f63-bbb2dedea135;
1996-L.o.b.57;c2f5601b-1195-05b5-4f63-bbb2dedea135;
5521;c2f5601b-1195-05b5-4f63-bbb2dedea135;
1996-L.o.b.99;c2f5601b-1195-05b5-4f63-bbb2dedea135;
6663;c2f5601b-1195-05b5-4f63-bbb2dedea135;1d9f0f7e-fffb-f58c-3037-43f5f601160a
3977;c2f5601b-1195-05b5-4f63-bbb2dedea135;
3430;c2f5601b-1195-05b5-4f63-bbb2dedea135;5e286a75-a2af-0cd4-51fa-da4020ca5b4c
7123;c2f5601b-1195-05b5-4f63-bbb2dedea135;37caade6-a4e3-17ca-85bd-422e6f147a09
5358;c2f5601b-1195-05b5-4f63-bbb2dedea135;
2593;c2f5601b-1195-05b5-4f63-bbb2dedea135;
6088;c2f5601b-1195-05b5-4f63-bbb2dedea135;
8502;c2f5601b-1195-05b5-4f63-bbb2dedea135;
5448;c2f5601b-1195-05b5-4f63-bbb2dedea135;
6260;c2f5601b-1195-05b5-4f63-bbb2dedea135;9acad467-5e0f-9695-b940-d57a6e67ea82
2013-B.1;c2f5601b-1195-05b5-4f63-bbb2dedea135;2f74d386-9461-9630-e47a-13ea9d1c1dc6
8583A;c2f5601b-1195-05b5-4f63-bbb2dedea135;abe108be-48aa-5358-2f6f-6b95f856514b
5862;c2f5601b-1195-05b5-4f63-bbb2dedea135;
8541(11B);c2f5601b-1195-05b5-4f63-bbb2dedea135;
3790;c2f5601b-1195-05b5-4f63-bbb2dedea135;
1971-L.2;c2f5601b-1195-05b5-4f63-bbb2dedea135;
5664;c2f5601b-1195-05b5-4f63-bbb2dedea135;
2020-R.2;c2f5601b-1195-05b5-4f63-bbb2dedea135;53516726-c733-0610-fca9-197d4c34a7d0
699;c2f5601b-1195-05b5-4f63-bbb2dedea135;38a4c16a-8223-4738-baa0-7e750e76bea4
5998;c2f5601b-1195-05b5-4f63-bbb2dedea135;
7093;c2f5601b-1195-05b5-4f63-bbb2dedea135;
2788;c2f5601b-1195-05b5-4f63-bbb2dedea135;e20d75c7-aef6-69bc-4976-9a8637da5ce3
4640;c2f5601b-1195-05b5-4f63-bbb2dedea135;f01c802d-7268-41a4-3f61-1525b29edefd
5346;c2f5601b-1195-05b5-4f63-bbb2dedea135;
4085;c2f5601b-1195-05b5-4f63-bbb2dedea135;
8583;c2f5601b-1195-05b5-4f63-bbb2dedea135;7829246f-0699-9a7f-1a8f-dfc82d3abecd
7092;c2f5601b-1195-05b5-4f63-bbb2dedea135;362eb9c4-c19b-dcb5-4ac4-b4f26426dbe5
1973-O.2;c2f5601b-1195-05b5-4f63-bbb2dedea135;c6d93f65-851a-0d63-8f8e-1e45f0d5e45c
2015-L.3;c2f5601b-1195-05b5-4f63-bbb2dedea135;
3519;c2f5601b-1195-05b5-4f63-bbb2dedea135;f7ad76e7-650e-c237-72bc-d4a9bc6e35ba
7384;c2f5601b-1195-05b5-4f63-bbb2dedea135;4d1f4d97-59c2-af13-ddd4-a93e3a416f18
8489;c2f5601b-1195-05b5-4f63-bbb2dedea135;
4641;c2f5601b-1195-05b5-4f63-bbb2dedea135;a9367c26-1fec-0d27-b177-f8c1434eac40
2575;c2f5601b-1195-05b5-4f63-bbb2dedea135;
2011-L.34;c2f5601b-1195-05b5-4f63-bbb2dedea135;
3520;c2f5601b-1195-05b5-4f63-bbb2dedea135;
8636_duplicate;c2f5601b-1195-05b5-4f63-bbb2dedea135;
REL-22;c2f5601b-1195-05b5-4f63-bbb2dedea135;
1987-L.1;c2f5601b-1195-05b5-4f63-bbb2dedea135;
6082;c2f5601b-1195-05b5-4f63-bbb2dedea135;
1996-L.o.b.73;c2f5601b-1195-05b5-4f63-bbb2dedea135;
1996-L.o.b.142;c2f5601b-1195-05b5-4f63-bbb2dedea135;
3784;c2f5601b-1195-05b5-4f63-bbb2dedea135;
2020-C.31;c2f5601b-1195-05b5-4f63-bbb2dedea135;5b4da68e-47f8-d38d-79a7-ad24de0016aa
REL-51;c2f5601b-1195-05b5-4f63-bbb2dedea135;
4639;c2f5601b-1195-05b5-4f63-bbb2dedea135;63999bd0-1d39-fdf0-dead-85fed3c77073
8624;c2f5601b-1195-05b5-4f63-bbb2dedea135;
2015-B.1;c2f5601b-1195-05b5-4f63-bbb2dedea135;a489a87f-9726-2830-61cc-634a2c37ff9c
1996-L.o.b.30;c2f5601b-1195-05b5-4f63-bbb2dedea135;
5348;c2f5601b-1195-05b5-4f63-bbb2dedea135;
2011-L.1;c2f5601b-1195-05b5-4f63-bbb2dedea135;
3980;c2f5601b-1195-05b5-4f63-bbb2dedea135;
5460A;c2f5601b-1195-05b5-4f63-bbb2dedea135;
2001-L.22;c2f5601b-1195-05b5-4f63-bbb2dedea135;
3985;c2f5601b-1195-05b5-4f63-bbb2dedea135;
6059;c2f5601b-1195-05b5-4f63-bbb2dedea135;
7129;c2f5601b-1195-05b5-4f63-bbb2dedea135;864456a0-07d0-9742-2df0-2087e0573cbe
REL-7;c2f5601b-1195-05b5-4f63-bbb2dedea135;
REL-41;c2f5601b-1195-05b5-4f63-bbb2dedea135;
2016-L.8;c2f5601b-1195-05b5-4f63-bbb2dedea135;
6605;c2f5601b-1195-05b5-4f63-bbb2dedea135;6c8e0271-02b3-ceba-2ff4-91a739e907d7
6968;c2f5601b-1195-05b5-4f63-bbb2dedea135;
REL-98;c2f5601b-1195-05b5-4f63-bbb2dedea135;
GGL-18;c2f5601b-1195-05b5-4f63-bbb2dedea135;
1996-L.o.b.117;c2f5601b-1195-05b5-4f63-bbb2dedea135;
2744;c2f5601b-1195-05b5-4f63-bbb2dedea135;
CL-20;c2f5601b-1195-05b5-4f63-bbb2dedea135;4ecd59df-c1ec-770a-411d-78649d951325
8506;c2f5601b-1195-05b5-4f63-bbb2dedea135;
906;c2f5601b-1195-05b5-4f63-bbb2dedea135;c7640d69-168c-0d84-e807-925c79c28169
6208;c2f5601b-1195-05b5-4f63-bbb2dedea135;
1996-L.o.b.15;c2f5601b-1195-05b5-4f63-bbb2dedea135;
292;c2f5601b-1195-05b5-4f63-bbb2dedea135;
8657;c2f5601b-1195-05b5-4f63-bbb2dedea135;dc1a1b34-26b2-3e95-6af7-783d00fc26a0
6515;c2f5601b-1195-05b5-4f63-bbb2dedea135;a530573b-2376-6e69-91e9-63be3d6fb34e
2018-M.1;c2f5601b-1195-05b5-4f63-bbb2dedea135;840261e6-71d4-bd59-fbf8-ebf092e4aa3d
GGL-12;c2f5601b-1195-05b5-4f63-bbb2dedea135;
1973-O.1;c2f5601b-1195-05b5-4f63-bbb2dedea135;
5347;c2f5601b-1195-05b5-4f63-bbb2dedea135;
1973-L.6;c2f5601b-1195-05b5-4f63-bbb2dedea135;
2837;c2f5601b-1195-05b5-4f63-bbb2dedea135;
5889;c2f5601b-1195-05b5-4f63-bbb2dedea135;
2577;c2f5601b-1195-05b5-4f63-bbb2dedea135;
5873;c2f5601b-1195-05b5-4f63-bbb2dedea135;
2017-L.5;c2f5601b-1195-05b5-4f63-bbb2dedea135;
7414;c2f5601b-1195-05b5-4f63-bbb2dedea135;
REL-24;c2f5601b-1195-05b5-4f63-bbb2dedea135;
5050(2);c2f5601b-1195-05b5-4f63-bbb2dedea135;
2013-B.2;c2f5601b-1195-05b5-4f63-bbb2dedea135;06d566c9-bec6-c387-a6ee-2dfa252b3134
1996-L.o.b.34;c2f5601b-1195-05b5-4f63-bbb2dedea135;
8482;c2f5601b-1195-05b5-4f63-bbb2dedea135;
5819;c2f5601b-1195-05b5-4f63-bbb2dedea135;a37a8aae-048f-0bc9-ae28-3ef149532e39
2012-B.1;c2f5601b-1195-05b5-4f63-bbb2dedea135;59b6c94c-16a3-da77-8e74-f6a1b4587f98
8472;c2f5601b-1195-05b5-4f63-bbb2dedea135;
763;c2f5601b-1195-05b5-4f63-bbb2dedea135;ec3fb2dd-6d3a-1a20-fff1-9f0c4deb0016
2985A;c2f5601b-1195-05b5-4f63-bbb2dedea135;
REL-44;c2f5601b-1195-05b5-4f63-bbb2dedea135;
CL-6;c2f5601b-1195-05b5-4f63-bbb2dedea135;acab7752-6f9a-fc36-a2aa-377a8e351349
3587;c2f5601b-1195-05b5-4f63-bbb2dedea135;f6618358-60cf-17ea-b510-fd90da287fa0
1996-L.o.b.31;c2f5601b-1195-05b5-4f63-bbb2dedea135;
3781;c2f5601b-1195-05b5-4f63-bbb2dedea135;
6091;c2f5601b-1195-05b5-4f63-bbb2dedea135;
2567;c2f5601b-1195-05b5-4f63-bbb2dedea135;
5373;c2f5601b-1195-05b5-4f63-bbb2dedea135;
7383;c2f5601b-1195-05b5-4f63-bbb2dedea135;9eb2c6c8-7236-64e4-3044-82c96e83678f
5349;c2f5601b-1195-05b5-4f63-bbb2dedea135;
8535;c2f5601b-1195-05b5-4f63-bbb2dedea135;
2011-L.10;c2f5601b-1195-05b5-4f63-bbb2dedea135;
7330;c2f5601b-1195-05b5-4f63-bbb2dedea135;d3de1396-b10c-d2bc-11d2-b4ba3f5e22f0
2795;c2f5601b-1195-05b5-4f63-bbb2dedea135;66198703-addf-a786-7923-e342ea3e9592
2761A;c2f5601b-1195-05b5-4f63-bbb2dedea135;
555;c2f5601b-1195-05b5-4f63-bbb2dedea135;
6072;c2f5601b-1195-05b5-4f63-bbb2dedea135;
3960;c2f5601b-1195-05b5-4f63-bbb2dedea135;
2015-L.4;c2f5601b-1195-05b5-4f63-bbb2dedea135;
1972-L.2;c2f5601b-1195-05b5-4f63-bbb2dedea135;
8632;c2f5601b-1195-05b5-4f63-bbb2dedea135;77defbde-1a7b-a7ab-1ed6-548f4eb63418
8868;c2f5601b-1195-05b5-4f63-bbb2dedea135;42979082-1f97-a1b8-ea8f-2a9c46eff5c5
2008-R.1;c2f5601b-1195-05b5-4f63-bbb2dedea135;
2011-L.27;c2f5601b-1195-05b5-4f63-bbb2dedea135;
8659;c2f5601b-1195-05b5-4f63-bbb2dedea135;0083a193-eb35-8abd-d32a-857c609182f1
2016-L.5;c2f5601b-1195-05b5-4f63-bbb2dedea135;
2016-L.3;c2f5601b-1195-05b5-4f63-bbb2dedea135;
3526;c2f5601b-1195-05b5-4f63-bbb2dedea135;
2982;c2f5601b-1195-05b5-4f63-bbb2dedea135;
2412;c2f5601b-1195-05b5-4f63-bbb2dedea135;701d6aa0-067f-d2bb-790e-89b41266a797
1996-L.o.b.74;c2f5601b-1195-05b5-4f63-bbb2dedea135;
1981-R.3;c2f5601b-1195-05b5-4f63-bbb2dedea135;
3838;c2f5601b-1195-05b5-4f63-bbb2dedea135;
8381A(3);c2f5601b-1195-05b5-4f63-bbb2dedea135;
6782;c2f5601b-1195-05b5-4f63-bbb2dedea135;f8ac8865-b557-b384-e687-c04eec4be94a
2011-L.42;c2f5601b-1195-05b5-4f63-bbb2dedea135;
LXXXVI(1);c2f5601b-1195-05b5-4f63-bbb2dedea135;59789fbf-0883-c8c7-7beb-8678cfdcde44
REL-14;c2f5601b-1195-05b5-4f63-bbb2dedea135;
8303;c2f5601b-1195-05b5-4f63-bbb2dedea135;52a8b9b8-dc26-4371-db8e-c61ed252c450
2011-L.46;c2f5601b-1195-05b5-4f63-bbb2dedea135;
3336B;c2f5601b-1195-05b5-4f63-bbb2dedea135;
2011-L.23;c2f5601b-1195-05b5-4f63-bbb2dedea135;
2417;c2f5601b-1195-05b5-4f63-bbb2dedea135;37835496-960f-e09a-91f9-90a9cffd060a
3800;c2f5601b-1195-05b5-4f63-bbb2dedea135;
2011-L.37;c2f5601b-1195-05b5-4f63-bbb2dedea135;
8642;c2f5601b-1195-05b5-4f63-bbb2dedea135;551a7d26-3ad0-73bf-1247-c57a8cb21188
1996-L.o.b.110;c2f5601b-1195-05b5-4f63-bbb2dedea135;
2020-C.20;c2f5601b-1195-05b5-4f63-bbb2dedea135;8e6f7cfb-a32a-eefc-829c-6a6d5265ee3f
6079;c2f5601b-1195-05b5-4f63-bbb2dedea135;
2013-L.4;c2f5601b-1195-05b5-4f63-bbb2dedea135;
1986-L.11;c2f5601b-1195-05b5-4f63-bbb2dedea135;
5367;c2f5601b-1195-05b5-4f63-bbb2dedea135;
2823;c2f5601b-1195-05b5-4f63-bbb2dedea135;
1981-R.4;c2f5601b-1195-05b5-4f63-bbb2dedea135;
8476;c2f5601b-1195-05b5-4f63-bbb2dedea135;
6202;c2f5601b-1195-05b5-4f63-bbb2dedea135;
1996-L.o.b.62;c2f5601b-1195-05b5-4f63-bbb2dedea135;
1987-L.11;c2f5601b-1195-05b5-4f63-bbb2dedea135;
3406;c2f5601b-1195-05b5-4f63-bbb2dedea135;add1cdb5-637f-274a-c712-437c00b34d23
REL-53;c2f5601b-1195-05b5-4f63-bbb2dedea135;
2020-R.3;c2f5601b-1195-05b5-4f63-bbb2dedea135;
2015-R.9;c2f5601b-1195-05b5-4f63-bbb2dedea135;
5858;c2f5601b-1195-05b5-4f63-bbb2dedea135;
2818;c2f5601b-1195-05b5-4f63-bbb2dedea135;
8466;c2f5601b-1195-05b5-4f63-bbb2dedea135;
1996-L.o.b.35;c2f5601b-1195-05b5-4f63-bbb2dedea135;
8572B;c2f5601b-1195-05b5-4f63-bbb2dedea135;
1972-L.7;c2f5601b-1195-05b5-4f63-bbb2dedea135;
8523;c2f5601b-1195-05b5-4f63-bbb2dedea135;
8582;c2f5601b-1195-05b5-4f63-bbb2dedea135;
xxxx (z.n.);c2f5601b-1195-05b5-4f63-bbb2dedea135;
761;c2f5601b-1195-05b5-4f63-bbb2dedea135;
5188;c2f5601b-1195-05b5-4f63-bbb2dedea135;
367;c2f5601b-1195-05b5-4f63-bbb2dedea135;
3834;c2f5601b-1195-05b5-4f63-bbb2dedea135;01f4daec-d1da-3fba-13f5-177d76cee6c7
2013-L.7;c2f5601b-1195-05b5-4f63-bbb2dedea135;
313;c2f5601b-1195-05b5-4f63-bbb2dedea135;c1602232-9ec5-36d8-48ab-8ecce1839026
7301;c2f5601b-1195-05b5-4f63-bbb2dedea135;
2018-L.4;c2f5601b-1195-05b5-4f63-bbb2dedea135;
1197;c2f5601b-1195-05b5-4f63-bbb2dedea135;6eab4618-eea5-14f4-ae52-ada91118ec17
8544;c2f5601b-1195-05b5-4f63-bbb2dedea135;
REL-95;c2f5601b-1195-05b5-4f63-bbb2dedea135;
REL-23;c2f5601b-1195-05b5-4f63-bbb2dedea135;
REL-107;c2f5601b-1195-05b5-4f63-bbb2dedea135;
8501B;c2f5601b-1195-05b5-4f63-bbb2dedea135;
2011-L.8;c2f5601b-1195-05b5-4f63-bbb2dedea135;
1996-L.o.b.112;c2f5601b-1195-05b5-4f63-bbb2dedea135;
2020-C.12;c2f5601b-1195-05b5-4f63-bbb2dedea135;9cb10ecb-8c52-d9e7-5ad6-982e17827c2b
2013-L.3;c2f5601b-1195-05b5-4f63-bbb2dedea135;
2020-C.21;c2f5601b-1195-05b5-4f63-bbb2dedea135;cffea106-223a-9775-a731-ad9a1b3c61ef
7020;c2f5601b-1195-05b5-4f63-bbb2dedea135;74297009-bb35-2362-38e9-b8c81be68a92
190;c2f5601b-1195-05b5-4f63-bbb2dedea135;64f1ae7b-6493-c1ae-9d5c-b91b9afdb14f
2011-L.6;c2f5601b-1195-05b5-4f63-bbb2dedea135;
2582;c2f5601b-1195-05b5-4f63-bbb2dedea135;
3640;c2f5601b-1195-05b5-4f63-bbb2dedea135;2f810c7c-85ff-765f-d3e0-84cfb418bb72
5849;c2f5601b-1195-05b5-4f63-bbb2dedea135;
2514A;c2f5601b-1195-05b5-4f63-bbb2dedea135;
5852;c2f5601b-1195-05b5-4f63-bbb2dedea135;
2020-C.9;c2f5601b-1195-05b5-4f63-bbb2dedea135;12720415-8792-5298-2938-5a0072e50eb1
2525;c2f5601b-1195-05b5-4f63-bbb2dedea135;
8246;c2f5601b-1195-05b5-4f63-bbb2dedea135;
5890;c2f5601b-1195-05b5-4f63-bbb2dedea135;
5875;c2f5601b-1195-05b5-4f63-bbb2dedea135;
9236;c2f5601b-1195-05b5-4f63-bbb2dedea135;bc793e40-107d-bf80-3b14-9ee7be3d5ed2
GGL-17;c2f5601b-1195-05b5-4f63-bbb2dedea135;
REL-86;c2f5601b-1195-05b5-4f63-bbb2dedea135;
5492A;c2f5601b-1195-05b5-4f63-bbb2dedea135;
2722;c2f5601b-1195-05b5-4f63-bbb2dedea135;e6c8d7af-de19-aa88-d192-0a8d631acc97
1996-L.o.b.136;c2f5601b-1195-05b5-4f63-bbb2dedea135;
8653;c2f5601b-1195-05b5-4f63-bbb2dedea135;7c2aa18c-506e-9607-ad15-85af2006ce5e
2624B;c2f5601b-1195-05b5-4f63-bbb2dedea135;d38fe158-2536-6264-84fd-34d005c8eff7
5753A;c2f5601b-1195-05b5-4f63-bbb2dedea135;
2013-L.9;c2f5601b-1195-05b5-4f63-bbb2dedea135;
2416;c2f5601b-1195-05b5-4f63-bbb2dedea135;63e92504-2d14-1b73-3864-fccc0e4875dd
575;c2f5601b-1195-05b5-4f63-bbb2dedea135;
2021-C.1;c2f5601b-1195-05b5-4f63-bbb2dedea135;6af56d42-9144-5ba4-1fba-b4ec6e9ca70b
2413;c2f5601b-1195-05b5-4f63-bbb2dedea135;8c6b39d4-f1d3-94c8-b41b-e7ff02245fb1
3473;c2f5601b-1195-05b5-4f63-bbb2dedea135;dae084fd-1995-6a86-d938-1f7537bb04d7
1979-R.1;c2f5601b-1195-05b5-4f63-bbb2dedea135;
2011-L.12;c2f5601b-1195-05b5-4f63-bbb2dedea135;
GGL-20;c2f5601b-1195-05b5-4f63-bbb2dedea135;
2018-L.2;c2f5601b-1195-05b5-4f63-bbb2dedea135;
5532;c2f5601b-1195-05b5-4f63-bbb2dedea135;
2017-L.8;c2f5601b-1195-05b5-4f63-bbb2dedea135;
8578;c2f5601b-1195-05b5-4f63-bbb2dedea135;dbdd4a07-3533-aa2b-9d42-b088aff1d38e
REL-36;c2f5601b-1195-05b5-4f63-bbb2dedea135;
1973-O.5;c2f5601b-1195-05b5-4f63-bbb2dedea135;
3070;c2f5601b-1195-05b5-4f63-bbb2dedea135;
REL-78;c2f5601b-1195-05b5-4f63-bbb2dedea135;
2011-B.1;c2f5601b-1195-05b5-4f63-bbb2dedea135;016317ac-5d60-afad-18bb-f40f085f0108
XIX;c2f5601b-1195-05b5-4f63-bbb2dedea135;e75c8e78-a5d7-1bc8-f11b-f5214122e221
2305;c2f5601b-1195-05b5-4f63-bbb2dedea135;d55b294d-ae1b-4870-a1ad-73b80ad115f6
5867B;c2f5601b-1195-05b5-4f63-bbb2dedea135;
8013;c2f5601b-1195-05b5-4f63-bbb2dedea135;3f3e43f7-ac04-1b2e-3fe4-6d7628886aa6
2002-R.1;c2f5601b-1195-05b5-4f63-bbb2dedea135;
2013-L.8;c2f5601b-1195-05b5-4f63-bbb2dedea135;
6199;c2f5601b-1195-05b5-4f63-bbb2dedea135;
3041;c2f5601b-1195-05b5-4f63-bbb2dedea135;
1996-L.o.b.58;c2f5601b-1195-05b5-4f63-bbb2dedea135;
6043;c2f5601b-1195-05b5-4f63-bbb2dedea135;
6518;c2f5601b-1195-05b5-4f63-bbb2dedea135;4ad8023e-e0b3-8703-4993-ad3887541279
3915;c2f5601b-1195-05b5-4f63-bbb2dedea135;
2018-L.3;c2f5601b-1195-05b5-4f63-bbb2dedea135;
5428;c2f5601b-1195-05b5-4f63-bbb2dedea135;
5897;c2f5601b-1195-05b5-4f63-bbb2dedea135;
9299;c2f5601b-1195-05b5-4f63-bbb2dedea135;ba88ea28-e9d5-030d-3171-106462024f78
6197;c2f5601b-1195-05b5-4f63-bbb2dedea135;40270d0e-a1bc-415e-a5e3-f172b47fae15
3583;c2f5601b-1195-05b5-4f63-bbb2dedea135;98409271-7cf2-bb5d-7003-8ac2dd20b1aa
4642;c2f5601b-1195-05b5-4f63-bbb2dedea135;5b2c400b-1160-4836-c8ae-abd7f34529b0
8481;c2f5601b-1195-05b5-4f63-bbb2dedea135;
REL-96;c2f5601b-1195-05b5-4f63-bbb2dedea135;
363;c2f5601b-1195-05b5-4f63-bbb2dedea135;
1994-O.6;c2f5601b-1195-05b5-4f63-bbb2dedea135;a1133f36-d732-f003-5200-ab81b556e125
2018-L.1;c2f5601b-1195-05b5-4f63-bbb2dedea135;
3874B;c2f5601b-1195-05b5-4f63-bbb2dedea135;
6083;c2f5601b-1195-05b5-4f63-bbb2dedea135;
2011-L.28;c2f5601b-1195-05b5-4f63-bbb2dedea135;
2562;c2f5601b-1195-05b5-4f63-bbb2dedea135;
8538;c2f5601b-1195-05b5-4f63-bbb2dedea135;
REL-104;c2f5601b-1195-05b5-4f63-bbb2dedea135;
5895;c2f5601b-1195-05b5-4f63-bbb2dedea135;
5658;c2f5601b-1195-05b5-4f63-bbb2dedea135;
697;c2f5601b-1195-05b5-4f63-bbb2dedea135;8dc48aaf-89d1-edfb-0287-34f2411a69e4
2020-C.30;c2f5601b-1195-05b5-4f63-bbb2dedea135;50bfe09b-e86c-f276-df15-b6eb7d39dda3
8082;c2f5601b-1195-05b5-4f63-bbb2dedea135;95874c05-77ab-df54-b8b6-e52cb03a9085
1996-L.o.b.108;c2f5601b-1195-05b5-4f63-bbb2dedea135;
REL-11;c2f5601b-1195-05b5-4f63-bbb2dedea135;
8030(1);c2f5601b-1195-05b5-4f63-bbb2dedea135;b80c998c-93b8-cc04-76e6-052569ae2069
8647;c2f5601b-1195-05b5-4f63-bbb2dedea135;466e3d1f-b669-6e8e-5525-ef7e79308d87
8635;c2f5601b-1195-05b5-4f63-bbb2dedea135;f08eff17-1847-3a90-5932-715e54a54959
VI(G);c2f5601b-1195-05b5-4f63-bbb2dedea135;0085b66f-d599-5339-5d90-f58330c98829
6521;c2f5601b-1195-05b5-4f63-bbb2dedea135;b9c30738-b938-55ed-0913-f2b035b7f691
REL-84;c2f5601b-1195-05b5-4f63-bbb2dedea135;
REL-87;c2f5601b-1195-05b5-4f63-bbb2dedea135;
3641;c2f5601b-1195-05b5-4f63-bbb2dedea135;7f5bddd4-04c0-383a-a445-5aa7e9780b84
8226;c2f5601b-1195-05b5-4f63-bbb2dedea135;c65a27b2-2154-02ed-e28f-fdff921e994a
8986;c2f5601b-1195-05b5-4f63-bbb2dedea135;34ef0a47-8cca-0418-425f-6806f72f3144
8493;c2f5601b-1195-05b5-4f63-bbb2dedea135;
3650;c2f5601b-1195-05b5-4f63-bbb2dedea135;468b369e-98aa-30d1-75bf-984ed55f5ff1
7438;c2f5601b-1195-05b5-4f63-bbb2dedea135;f41561ed-e3b0-2c64-3f73-b09a44585700
5899;c2f5601b-1195-05b5-4f63-bbb2dedea135;7c9dd3a9-6876-ff6a-b4f9-53e0a7acf538
GGL-1;c2f5601b-1195-05b5-4f63-bbb2dedea135;f60adc16-47b9-36c5-d3a3-adeb7e59ad99
7519;c2f5601b-1195-05b5-4f63-bbb2dedea135;bf2f28ff-1df5-c203-b4db-6249097318ab
5370;c2f5601b-1195-05b5-4f63-bbb2dedea135;
7396;c2f5601b-1195-05b5-4f63-bbb2dedea135;a773178e-a43d-0f23-d1b1-f031d4f5875d
2825;c2f5601b-1195-05b5-4f63-bbb2dedea135;
8520;c2f5601b-1195-05b5-4f63-bbb2dedea135;
8488;c2f5601b-1195-05b5-4f63-bbb2dedea135;
1972-C.3;c2f5601b-1195-05b5-4f63-bbb2dedea135;
VI(D);c2f5601b-1195-05b5-4f63-bbb2dedea135;c21773fb-a11a-9cf4-d113-cfb909d5c8fc
2020-C.46;c2f5601b-1195-05b5-4f63-bbb2dedea135;a2f80594-e81d-b1d5-1099-555b998756dd
1996-L.o.b.69;c2f5601b-1195-05b5-4f63-bbb2dedea135;
6655;c2f5601b-1195-05b5-4f63-bbb2dedea135;64e18360-1425-806c-02a9-788be7b8d7bb
1996-L.o.b.75;c2f5601b-1195-05b5-4f63-bbb2dedea135;
2499;c2f5601b-1195-05b5-4f63-bbb2dedea135;
2624A;c2f5601b-1195-05b5-4f63-bbb2dedea135;8927f554-90fc-468b-ad1f-7b6735257a77
REL-3;c2f5601b-1195-05b5-4f63-bbb2dedea135;
265;c2f5601b-1195-05b5-4f63-bbb2dedea135;0496b1c6-6c1d-4507-4966-f32df6a3d536
1996-Lo.b.67;c2f5601b-1195-05b5-4f63-bbb2dedea135;
1996-L.o.b.11;c2f5601b-1195-05b5-4f63-bbb2dedea135;
1321;c2f5601b-1195-05b5-4f63-bbb2dedea135;
3429;c2f5601b-1195-05b5-4f63-bbb2dedea135;38706177-8e6e-54b4-3d8b-6d015ebfc713
2761;c2f5601b-1195-05b5-4f63-bbb2dedea135;
REL-65;c2f5601b-1195-05b5-4f63-bbb2dedea135;
2017-L.9;c2f5601b-1195-05b5-4f63-bbb2dedea135;
2011-L.44;c2f5601b-1195-05b5-4f63-bbb2dedea135;
3646;c2f5601b-1195-05b5-4f63-bbb2dedea135;06d452d1-66ff-65c6-2bbb-9ca1a8ecfef0
1996-L.o.b.127;c2f5601b-1195-05b5-4f63-bbb2dedea135;
8542(2);c2f5601b-1195-05b5-4f63-bbb2dedea135;
7870;c2f5601b-1195-05b5-4f63-bbb2dedea135;3e110102-150b-2e60-ee7a-f1670f194baf
8644A;c2f5601b-1195-05b5-4f63-bbb2dedea135;43e12ae0-f8d4-dc5e-9e0c-39676642b652
3778;c2f5601b-1195-05b5-4f63-bbb2dedea135;
930;c2f5601b-1195-05b5-4f63-bbb2dedea135;9f140382-e954-876f-e30c-b427624b0c0a
2011-L.38;c2f5601b-1195-05b5-4f63-bbb2dedea135;
1996-L.o.b.59;c2f5601b-1195-05b5-4f63-bbb2dedea135;
REL-69;c2f5601b-1195-05b5-4f63-bbb2dedea135;
2016-R.1;c2f5601b-1195-05b5-4f63-bbb2dedea135;
8513(15)(duplo?);c2f5601b-1195-05b5-4f63-bbb2dedea135;
REL 62;c2f5601b-1195-05b5-4f63-bbb2dedea135;
300(1);c2f5601b-1195-05b5-4f63-bbb2dedea135;de417154-7d3e-ea1d-70c3-e1fbc80ad987
2003-R.1;c2f5601b-1195-05b5-4f63-bbb2dedea135;
2618;c2f5601b-1195-05b5-4f63-bbb2dedea135;ec060ea8-d52b-f5a0-472b-3c9cbf4a7440
1972-C.2;c2f5601b-1195-05b5-4f63-bbb2dedea135;
2606;c2f5601b-1195-05b5-4f63-bbb2dedea135;
8620;c2f5601b-1195-05b5-4f63-bbb2dedea135;6c386467-a956-aa67-64c9-57ecc2425a1d
4390;c2f5601b-1195-05b5-4f63-bbb2dedea135;
1996-L.o.b.1;c2f5601b-1195-05b5-4f63-bbb2dedea135;
5139;c2f5601b-1195-05b5-4f63-bbb2dedea135;
8494;c2f5601b-1195-05b5-4f63-bbb2dedea135;
4637;c2f5601b-1195-05b5-4f63-bbb2dedea135;fa1c4597-aa67-f010-d968-044f2f778620
XCVII;c2f5601b-1195-05b5-4f63-bbb2dedea135;f2ef1b8e-afb2-c29a-8024-550062440f42
5865;c2f5601b-1195-05b5-4f63-bbb2dedea135;
515;c2f5601b-1195-05b5-4f63-bbb2dedea135;0e569728-feaa-df24-21dc-62aaca869ef9
1996-L.o.b.54;c2f5601b-1195-05b5-4f63-bbb2dedea135;
1994-O.7;c2f5601b-1195-05b5-4f63-bbb2dedea135;d0133888-275c-8f54-2106-f719805a8311
2563;c2f5601b-1195-05b5-4f63-bbb2dedea135;
9300A;c2f5601b-1195-05b5-4f63-bbb2dedea135;
2020-C.53;c2f5601b-1195-05b5-4f63-bbb2dedea135;a9658175-8a85-87f7-2d39-f3f9c94480e7
2011-L.9;c2f5601b-1195-05b5-4f63-bbb2dedea135;
2020-C.19;c2f5601b-1195-05b5-4f63-bbb2dedea135;4e4118ea-e426-849f-c86c-adc206947591
2589;c2f5601b-1195-05b5-4f63-bbb2dedea135;
8540;c2f5601b-1195-05b5-4f63-bbb2dedea135;
4647;c2f5601b-1195-05b5-4f63-bbb2dedea135;7a676300-a723-334e-0064-7e8cc764e3e3
GGL-13;c2f5601b-1195-05b5-4f63-bbb2dedea135;
2616;c2f5601b-1195-05b5-4f63-bbb2dedea135;
8645A;c2f5601b-1195-05b5-4f63-bbb2dedea135;ffa64a9b-8148-c197-3444-9cb99b172468
552A;c2f5601b-1195-05b5-4f63-bbb2dedea135;
8625;c2f5601b-1195-05b5-4f63-bbb2dedea135;
REL-16;c2f5601b-1195-05b5-4f63-bbb2dedea135;
2595;c2f5601b-1195-05b5-4f63-bbb2dedea135;
REL-80;c2f5601b-1195-05b5-4f63-bbb2dedea135;
1996-L.o.b.72;c2f5601b-1195-05b5-4f63-bbb2dedea135;
8333;c2f5601b-1195-05b5-4f63-bbb2dedea135;68016032-58a4-efd7-872b-728cde4087d6
1971-O.2;c2f5601b-1195-05b5-4f63-bbb2dedea135;e3ae25fb-a832-4f77-aa2f-2092f38906a9
1981-R.9;c2f5601b-1195-05b5-4f63-bbb2dedea135;
2420;c2f5601b-1195-05b5-4f63-bbb2dedea135;132f2330-f802-802d-8a67-68f49e19f411
2020-C.13;c2f5601b-1195-05b5-4f63-bbb2dedea135;f9e2b792-262c-8e7e-9782-43428e0468ef
5659;c2f5601b-1195-05b5-4f63-bbb2dedea135;
8573;c2f5601b-1195-05b5-4f63-bbb2dedea135;
5457;c2f5601b-1195-05b5-4f63-bbb2dedea135;
2011-L.32;c2f5601b-1195-05b5-4f63-bbb2dedea135;
VI(F);c2f5601b-1195-05b5-4f63-bbb2dedea135;e1932fb4-e543-c9ef-43ec-8c32e539e920
2020-C.17;c2f5601b-1195-05b5-4f63-bbb2dedea135;161886b2-7ce4-3bd4-a609-16e50a33d461
2011-L.4;c2f5601b-1195-05b5-4f63-bbb2dedea135;
6095;c2f5601b-1195-05b5-4f63-bbb2dedea135;
850;c2f5601b-1195-05b5-4f63-bbb2dedea135;
1504;c2f5601b-1195-05b5-4f63-bbb2dedea135;
932;c2f5601b-1195-05b5-4f63-bbb2dedea135;99b7ed79-fcd4-de7d-fbce-ef92cd911d35
XCVI;c2f5601b-1195-05b5-4f63-bbb2dedea135;64e6d905-4b32-88b3-6a7b-a2b85139686f
1982-R.1;c2f5601b-1195-05b5-4f63-bbb2dedea135;
2611;c2f5601b-1195-05b5-4f63-bbb2dedea135;
2423;c2f5601b-1195-05b5-4f63-bbb2dedea135;25378ac0-ee6e-f443-2294-0ee27eeaf91b
REL-92;c2f5601b-1195-05b5-4f63-bbb2dedea135;
2500A;c2f5601b-1195-05b5-4f63-bbb2dedea135;
1971-O.3;c2f5601b-1195-05b5-4f63-bbb2dedea135;5a3f3b9e-1dde-e9fb-d74a-34721f94c63b
7440;c2f5601b-1195-05b5-4f63-bbb2dedea135;90c9c125-2417-fdb8-e743-922a23be0dee
3874A;c2f5601b-1195-05b5-4f63-bbb2dedea135;
1985-B.1;c2f5601b-1195-05b5-4f63-bbb2dedea135;a835268e-ce56-d794-4550-dbc533c65941
514A;c2f5601b-1195-05b5-4f63-bbb2dedea135;b52cdf9b-71b7-5859-5a5a-0a2964ee47ae
2011-L.41;c2f5601b-1195-05b5-4f63-bbb2dedea135;
8643;c2f5601b-1195-05b5-4f63-bbb2dedea135;6ddbb9e3-20a3-3ff1-e3ba-20c4fb5d93a6
2813;c2f5601b-1195-05b5-4f63-bbb2dedea135;
3793;c2f5601b-1195-05b5-4f63-bbb2dedea135;
3914(1);c2f5601b-1195-05b5-4f63-bbb2dedea135;
2020-C.15;c2f5601b-1195-05b5-4f63-bbb2dedea135;103eb022-7cdf-1d63-c3cf-393e27334103
8542(1);c2f5601b-1195-05b5-4f63-bbb2dedea135;
9546;c2f5601b-1195-05b5-4f63-bbb2dedea135;009a3da6-7dcd-029e-59e6-81de27bdfb1e
5388;c2f5601b-1195-05b5-4f63-bbb2dedea135;
REL-8;c2f5601b-1195-05b5-4f63-bbb2dedea135;
2301B;c2f5601b-1195-05b5-4f63-bbb2dedea135;85e9735a-303b-85ff-2333-ac77a54f14db
2989;c2f5601b-1195-05b5-4f63-bbb2dedea135;
1996-L.o.b.3;c2f5601b-1195-05b5-4f63-bbb2dedea135;
1993-L.12;c2f5601b-1195-05b5-4f63-bbb2dedea135;
2841;c2f5601b-1195-05b5-4f63-bbb2dedea135;
2688;c2f5601b-1195-05b5-4f63-bbb2dedea135;
3469;c2f5601b-1195-05b5-4f63-bbb2dedea135;
2402A;c2f5601b-1195-05b5-4f63-bbb2dedea135;70d65218-81b0-b592-d588-f4751f9d4529
929;c2f5601b-1195-05b5-4f63-bbb2dedea135;76bb66b2-b2d2-34fb-1ec2-e63350402d74
1996-L.o.b.76;c2f5601b-1195-05b5-4f63-bbb2dedea135;
2721;c2f5601b-1195-05b5-4f63-bbb2dedea135;8663c136-afdd-9835-dd02-cadeab1ca10d
8515A;c2f5601b-1195-05b5-4f63-bbb2dedea135;
2817;c2f5601b-1195-05b5-4f63-bbb2dedea135;
2014-B.2;c2f5601b-1195-05b5-4f63-bbb2dedea135;dde556f6-bca0-72cf-d933-4b4ae2ac4799
CL-2;c2f5601b-1195-05b5-4f63-bbb2dedea135;601e0a13-7f9b-89f5-43a4-50e1d8a7ef86
1996-L.o.b.60;c2f5601b-1195-05b5-4f63-bbb2dedea135;
1971-O.4;c2f5601b-1195-05b5-4f63-bbb2dedea135;52ed19d0-a493-625f-60fd-c1ef281cadb9
534;c2f5601b-1195-05b5-4f63-bbb2dedea135;
XXI;c2f5601b-1195-05b5-4f63-bbb2dedea135;970ce7ae-ccfd-2abc-7d74-e3461bcb29ab
REL-2;c2f5601b-1195-05b5-4f63-bbb2dedea135;
1972-L.4;c2f5601b-1195-05b5-4f63-bbb2dedea135;
1996-L.o.b.140;c2f5601b-1195-05b5-4f63-bbb2dedea135;
GGL-2;c2f5601b-1195-05b5-4f63-bbb2dedea135;1487e02e-ec0c-8344-28a8-c890b922ef84
173;c2f5601b-1195-05b5-4f63-bbb2dedea135;1ed8d8bb-32a1-a6fb-e96c-e91395c5f72b
8498;c2f5601b-1195-05b5-4f63-bbb2dedea135;
REL-74;c2f5601b-1195-05b5-4f63-bbb2dedea135;
293;c2f5601b-1195-05b5-4f63-bbb2dedea135;
1981-R.6;c2f5601b-1195-05b5-4f63-bbb2dedea135;
8510A;c2f5601b-1195-05b5-4f63-bbb2dedea135;
2977;c2f5601b-1195-05b5-4f63-bbb2dedea135;
2827;c2f5601b-1195-05b5-4f63-bbb2dedea135;
8495;c2f5601b-1195-05b5-4f63-bbb2dedea135;
2020-C.5;c2f5601b-1195-05b5-4f63-bbb2dedea135;17c61b15-7e8c-24e6-6747-bff213bc5d71
5968;c2f5601b-1195-05b5-4f63-bbb2dedea135;
2990;c2f5601b-1195-05b5-4f63-bbb2dedea135;
6214;c2f5601b-1195-05b5-4f63-bbb2dedea135;a8e222b6-167a-f82c-d8a8-550ed3e65f73
REL-49;c2f5601b-1195-05b5-4f63-bbb2dedea135;
849;c2f5601b-1195-05b5-4f63-bbb2dedea135;
8521;c2f5601b-1195-05b5-4f63-bbb2dedea135;
2011-L.26;c2f5601b-1195-05b5-4f63-bbb2dedea135;
1996-L.o.b.143;c2f5601b-1195-05b5-4f63-bbb2dedea135;
REL-45;c2f5601b-1195-05b5-4f63-bbb2dedea135;
2020-C.41;c2f5601b-1195-05b5-4f63-bbb2dedea135;c976a290-ee3a-8d42-a74c-fcc6e449c963
test2025;c2f5601b-1195-05b5-4f63-bbb2dedea135;
1985-L.1;c2f5601b-1195-05b5-4f63-bbb2dedea135;
8649;c2f5601b-1195-05b5-4f63-bbb2dedea135;fd897065-efe0-61dc-95c5-472d68e938a2
1973-O.3;c2f5601b-1195-05b5-4f63-bbb2dedea135;8005c0e4-5ede-9d98-bb9e-883023397c23
2025-R.1;c2f5601b-1195-05b5-4f63-bbb2dedea135;
2011-B.2;c2f5601b-1195-05b5-4f63-bbb2dedea135;b9c2eb79-6f18-8763-544a-50e2d386d33c
8469;c2f5601b-1195-05b5-4f63-bbb2dedea135;
1996-L.o.b.38;c2f5601b-1195-05b5-4f63-bbb2dedea135;
2975;c2f5601b-1195-05b5-4f63-bbb2dedea135;
Test2026;c2f5601b-1195-05b5-4f63-bbb2dedea135;
756;c2f5601b-1195-05b5-4f63-bbb2dedea135;
6084;c2f5601b-1195-05b5-4f63-bbb2dedea135;
6070;c2f5601b-1195-05b5-4f63-bbb2dedea135;
XCIX;c2f5601b-1195-05b5-4f63-bbb2dedea135;67bd28ab-0a8c-0808-fdf2-dd736d8b1006
7662;c2f5601b-1195-05b5-4f63-bbb2dedea135;
REL-43;c2f5601b-1195-05b5-4f63-bbb2dedea135;
9385;c2f5601b-1195-05b5-4f63-bbb2dedea135;
1972-L.12;c2f5601b-1195-05b5-4f63-bbb2dedea135;
4133;c2f5601b-1195-05b5-4f63-bbb2dedea135;
6076;c2f5601b-1195-05b5-4f63-bbb2dedea135;
8670A;c2f5601b-1195-05b5-4f63-bbb2dedea135;c21c435a-4fa0-24af-54d7-208986d3c10d
297;c2f5601b-1195-05b5-4f63-bbb2dedea135;
8670B;c2f5601b-1195-05b5-4f63-bbb2dedea135;60f4cd94-fba5-a496-b29a-ea206ab630d5
8497;c2f5601b-1195-05b5-4f63-bbb2dedea135;
569(2);c2f5601b-1195-05b5-4f63-bbb2dedea135;
REL-20;c2f5601b-1195-05b5-4f63-bbb2dedea135;
GGL-7;c2f5601b-1195-05b5-4f63-bbb2dedea135;f46a96db-a512-c78e-e9f4-592003b6542e
1996-L.o.b.146;c2f5601b-1195-05b5-4f63-bbb2dedea135;
XL5;c2f5601b-1195-05b5-4f63-bbb2dedea135;
1996-L.144;c2f5601b-1195-05b5-4f63-bbb2dedea135;
3643;c2f5601b-1195-05b5-4f63-bbb2dedea135;0368c2a5-657b-832d-d32a-9dae5224d635
8656;c2f5601b-1195-05b5-4f63-bbb2dedea135;a4b3d8df-daa7-4e15-1b67-779e29a199ad
2012-L.1;c2f5601b-1195-05b5-4f63-bbb2dedea135;
549B;c2f5601b-1195-05b5-4f63-bbb2dedea135;b7b1d8af-df05-6fc5-1c92-43857479f057
2580;c2f5601b-1195-05b5-4f63-bbb2dedea135;
1986-L.5;c2f5601b-1195-05b5-4f63-bbb2dedea135;
1994-O.3;c2f5601b-1195-05b5-4f63-bbb2dedea135;26b5faa5-7fff-0fbc-4286-5442d7613966
6821;c2f5601b-1195-05b5-4f63-bbb2dedea135;
2844;c2f5601b-1195-05b5-4f63-bbb2dedea135;
8247;c2f5601b-1195-05b5-4f63-bbb2dedea135;
2015-L.5;c2f5601b-1195-05b5-4f63-bbb2dedea135;
2864;c2f5601b-1195-05b5-4f63-bbb2dedea135;
8655;c2f5601b-1195-05b5-4f63-bbb2dedea135;51963103-b385-f87f-e739-a44682ae7f04
5331;c2f5601b-1195-05b5-4f63-bbb2dedea135;
1371;c2f5601b-1195-05b5-4f63-bbb2dedea135;
2011-L.19;c2f5601b-1195-05b5-4f63-bbb2dedea135;
516;c2f5601b-1195-05b5-4f63-bbb2dedea135;2889f464-529a-40f9-ee34-4bdf78661797
2418;c2f5601b-1195-05b5-4f63-bbb2dedea135;cf816751-02e5-55eb-91ad-ef8d99655372
2498;c2f5601b-1195-05b5-4f63-bbb2dedea135;5c387da3-c4da-b4e5-4b66-6af835cb0fac
6106;c2f5601b-1195-05b5-4f63-bbb2dedea135;
5254;c2f5601b-1195-05b5-4f63-bbb2dedea135;
9809;c2f5601b-1195-05b5-4f63-bbb2dedea135;
9114;c2f5601b-1195-05b5-4f63-bbb2dedea135;ece649fe-6c8b-1239-8055-0eef5cfb8ad2
3970;c2f5601b-1195-05b5-4f63-bbb2dedea135;
5843;c2f5601b-1195-05b5-4f63-bbb2dedea135;
2524;c2f5601b-1195-05b5-4f63-bbb2dedea135;
8302;c2f5601b-1195-05b5-4f63-bbb2dedea135;f8afed55-94ff-d1ee-7424-2782057bd9a5
1994-O.15;c2f5601b-1195-05b5-4f63-bbb2dedea135;a29c8f5d-3562-c4f8-629b-f8f205be3516
5866;c2f5601b-1195-05b5-4f63-bbb2dedea135;
GGL-9;c2f5601b-1195-05b5-4f63-bbb2dedea135;e2ea7230-219d-3b91-d4b2-c5934a724ecf
3833;c2f5601b-1195-05b5-4f63-bbb2dedea135;
318;c2f5601b-1195-05b5-4f63-bbb2dedea135;
1996-L.o.b.135;c2f5601b-1195-05b5-4f63-bbb2dedea135;
6601B;c2f5601b-1195-05b5-4f63-bbb2dedea135;9b0f61e1-0df5-7024-f86c-9f69c3a21446
1996-L.o.b.40;c2f5601b-1195-05b5-4f63-bbb2dedea135;
6659;c2f5601b-1195-05b5-4f63-bbb2dedea135;4a8a9131-c1b4-9268-c9ba-7ac15405408c
2985B;c2f5601b-1195-05b5-4f63-bbb2dedea135;
2868;c2f5601b-1195-05b5-4f63-bbb2dedea135;
z.n.(O);c2f5601b-1195-05b5-4f63-bbb2dedea135;
3983;c2f5601b-1195-05b5-4f63-bbb2dedea135;
1994-O.16;c2f5601b-1195-05b5-4f63-bbb2dedea135;2e8064e4-7751-ec17-ccdc-506a392c7aeb
5369;c2f5601b-1195-05b5-4f63-bbb2dedea135;
365;c2f5601b-1195-05b5-4f63-bbb2dedea135;
5051;c2f5601b-1195-05b5-4f63-bbb2dedea135;
1996-L.o.b.51;c2f5601b-1195-05b5-4f63-bbb2dedea135;
1972-N.2;c2f5601b-1195-05b5-4f63-bbb2dedea135;c2dd9484-55a9-3c54-2487-77aab44761e5
2020-C.32;c2f5601b-1195-05b5-4f63-bbb2dedea135;24f0a358-616d-2861-ea36-3a3c88faf618
8012;c2f5601b-1195-05b5-4f63-bbb2dedea135;871bb815-3b55-431f-982d-6da37d492849
2011-L.30;c2f5601b-1195-05b5-4f63-bbb2dedea135;
REL-75;c2f5601b-1195-05b5-4f63-bbb2dedea135;
5050(1);c2f5601b-1195-05b5-4f63-bbb2dedea135;
2579;c2f5601b-1195-05b5-4f63-bbb2dedea135;
8622;c2f5601b-1195-05b5-4f63-bbb2dedea135;
8513A;c2f5601b-1195-05b5-4f63-bbb2dedea135;
8381A(1);c2f5601b-1195-05b5-4f63-bbb2dedea135;
8464;c2f5601b-1195-05b5-4f63-bbb2dedea135;
4843;c2f5601b-1195-05b5-4f63-bbb2dedea135;
GGL-16;c2f5601b-1195-05b5-4f63-bbb2dedea135;
2020-C.45;c2f5601b-1195-05b5-4f63-bbb2dedea135;2f9379fe-2b56-2524-1fb5-8e18d4b0796c
8618;c2f5601b-1195-05b5-4f63-bbb2dedea135;99f6e143-d1e6-dfcb-3a78-36fd90076e04
5668;c2f5601b-1195-05b5-4f63-bbb2dedea135;1adf2f56-9b43-d944-4623-43d6cecf5b37
REL-4;c2f5601b-1195-05b5-4f63-bbb2dedea135;
3433;c2f5601b-1195-05b5-4f63-bbb2dedea135;9e8edfc2-79f2-3605-ca0c-98ffead961f6
1996-L.o.b.26;c2f5601b-1195-05b5-4f63-bbb2dedea135;
1996-L.o.b.27;c2f5601b-1195-05b5-4f63-bbb2dedea135;
8512;c2f5601b-1195-05b5-4f63-bbb2dedea135;
RL-2;c2f5601b-1195-05b5-4f63-bbb2dedea135;
9355;c2f5601b-1195-05b5-4f63-bbb2dedea135;3eb67efc-c249-29a5-9922-a0cc8ca93b44
1996-L.o.b.111;c2f5601b-1195-05b5-4f63-bbb2dedea135;
8580B;c2f5601b-1195-05b5-4f63-bbb2dedea135;5fb69feb-d35e-61f9-82bf-98032571c21f
1996-L.o.b.44;c2f5601b-1195-05b5-4f63-bbb2dedea135;
8546bis;c2f5601b-1195-05b5-4f63-bbb2dedea135;
5857;c2f5601b-1195-05b5-4f63-bbb2dedea135;
3647;c2f5601b-1195-05b5-4f63-bbb2dedea135;a9ca6d9a-5aa0-8d63-8bc0-2f37801ca3da
6601A;c2f5601b-1195-05b5-4f63-bbb2dedea135;9b0f61e1-0df5-7024-f86c-9f69c3a21446
1986-L.14;c2f5601b-1195-05b5-4f63-bbb2dedea135;
2015-L.6;c2f5601b-1195-05b5-4f63-bbb2dedea135;
REL-82;c2f5601b-1195-05b5-4f63-bbb2dedea135;
2415;c2f5601b-1195-05b5-4f63-bbb2dedea135;4e94bd24-44f0-ac25-5d5e-9e753fafcd94
5996;c2f5601b-1195-05b5-4f63-bbb2dedea135;
2308;c2f5601b-1195-05b5-4f63-bbb2dedea135;
6505;c2f5601b-1195-05b5-4f63-bbb2dedea135;126df481-36f2-5c11-bc2d-ed1be657afbc
2015-R.10;c2f5601b-1195-05b5-4f63-bbb2dedea135;
2303;c2f5601b-1195-05b5-4f63-bbb2dedea135;c41c2ef3-3c32-b2df-9cfd-0c256d384b6a
8598A;c2f5601b-1195-05b5-4f63-bbb2dedea135;
2402;c2f5601b-1195-05b5-4f63-bbb2dedea135;9bc44ce7-5995-c39b-fe8b-f64795184fb5
2011-L.20;c2f5601b-1195-05b5-4f63-bbb2dedea135;
2011-L.36;c2f5601b-1195-05b5-4f63-bbb2dedea135;
VI(E);c2f5601b-1195-05b5-4f63-bbb2dedea135;7323e0e6-1de2-f9a6-f1e4-b78e0c116d1e
3059;c2f5601b-1195-05b5-4f63-bbb2dedea135;
8301;c2f5601b-1195-05b5-4f63-bbb2dedea135;df02cc31-a1ac-2b8d-f9fe-0872a1c95d65
5845;c2f5601b-1195-05b5-4f63-bbb2dedea135;
8961(1);c2f5601b-1195-05b5-4f63-bbb2dedea135;
1996-L.o.b.97;c2f5601b-1195-05b5-4f63-bbb2dedea135;
2421;c2f5601b-1195-05b5-4f63-bbb2dedea135;d9c4478f-34ca-c3f3-8d3d-4489c69efb97
698;c2f5601b-1195-05b5-4f63-bbb2dedea135;06a8e14d-44ab-9ffa-88ac-5ef36087afc0
8654;c2f5601b-1195-05b5-4f63-bbb2dedea135;859be8f0-ae4b-0731-eca9-cff435d4e472
8648;c2f5601b-1195-05b5-4f63-bbb2dedea135;fc22c03c-8a47-1a89-a875-5514d8590f7e
3916;c2f5601b-1195-05b5-4f63-bbb2dedea135;
5846;c2f5601b-1195-05b5-4f63-bbb2dedea135;
REL-88;c2f5601b-1195-05b5-4f63-bbb2dedea135;
7089;c2f5601b-1195-05b5-4f63-bbb2dedea135;4d1c7d76-5b98-ff15-4264-ecfbf324ec56
8492;c2f5601b-1195-05b5-4f63-bbb2dedea135;
3593;c2f5601b-1195-05b5-4f63-bbb2dedea135;
2013-R.3;c2f5601b-1195-05b5-4f63-bbb2dedea135;
3067;c2f5601b-1195-05b5-4f63-bbb2dedea135;
518;c2f5601b-1195-05b5-4f63-bbb2dedea135;33841221-8b62-98f2-1df5-984039a7fe4c
2020-C.22;c2f5601b-1195-05b5-4f63-bbb2dedea135;2cce42fc-0f15-75fd-7e68-857a66af24b4
2301C;c2f5601b-1195-05b5-4f63-bbb2dedea135;8ec86baa-a7b2-7851-3c7a-a5a146ee26c2
552B;c2f5601b-1195-05b5-4f63-bbb2dedea135;
5869B;c2f5601b-1195-05b5-4f63-bbb2dedea135;
7666;c2f5601b-1195-05b5-4f63-bbb2dedea135;8c4bfbc5-38b4-74db-a7c3-3fb31c5d6525
REL-103;c2f5601b-1195-05b5-4f63-bbb2dedea135;
2538A;c2f5601b-1195-05b5-4f63-bbb2dedea135;
6222;c2f5601b-1195-05b5-4f63-bbb2dedea135;63b3cdf6-2538-6726-5cc8-0ce54e58beca
2605;c2f5601b-1195-05b5-4f63-bbb2dedea135;
3753;c2f5601b-1195-05b5-4f63-bbb2dedea135;
2020-C.42;c2f5601b-1195-05b5-4f63-bbb2dedea135;b447a6ca-d1ab-bb25-fc93-b9b4ed50a9f6
755;c2f5601b-1195-05b5-4f63-bbb2dedea135;
2020-C.24;c2f5601b-1195-05b5-4f63-bbb2dedea135;b0e887c9-b693-e735-0bb8-8bbdd1c241a0
8504A;c2f5601b-1195-05b5-4f63-bbb2dedea135;
6504;c2f5601b-1195-05b5-4f63-bbb2dedea135;d990f159-3a9e-4b2d-8342-c7037bb9f968
2015-R.1;c2f5601b-1195-05b5-4f63-bbb2dedea135;
5345;c2f5601b-1195-05b5-4f63-bbb2dedea135;
1986-L.1;c2f5601b-1195-05b5-4f63-bbb2dedea135;
4643;c2f5601b-1195-05b5-4f63-bbb2dedea135;83ad1770-f790-de23-65ce-fd3a27054c4c
CL-18;c2f5601b-1195-05b5-4f63-bbb2dedea135;a775138b-2197-0c63-ce4a-bf16c90ae0e3
4088;c2f5601b-1195-05b5-4f63-bbb2dedea135;
2616(duplo?);c2f5601b-1195-05b5-4f63-bbb2dedea135;
2015-R.7;c2f5601b-1195-05b5-4f63-bbb2dedea135;
2509A;c2f5601b-1195-05b5-4f63-bbb2dedea135;
REL-63;c2f5601b-1195-05b5-4f63-bbb2dedea135;2d5b7c07-d193-102f-4efb-ced33d7ea813
5149;c2f5601b-1195-05b5-4f63-bbb2dedea135;19ccbb2e-638c-6a87-02c7-7331802b4ac9
3432;c2f5601b-1195-05b5-4f63-bbb2dedea135;bb4e3c45-c6a5-f034-d23a-0ab1ef5622af
1996-L.o.b.10;c2f5601b-1195-05b5-4f63-bbb2dedea135;
8616;c2f5601b-1195-05b5-4f63-bbb2dedea135;
578;c2f5601b-1195-05b5-4f63-bbb2dedea135;
521;c2f5601b-1195-05b5-4f63-bbb2dedea135;
5252;c2f5601b-1195-05b5-4f63-bbb2dedea135;
2609;c2f5601b-1195-05b5-4f63-bbb2dedea135;
2806;c2f5601b-1195-05b5-4f63-bbb2dedea135;d316cb37-780e-e58b-0f19-617028ccf6df
2537A;c2f5601b-1195-05b5-4f63-bbb2dedea135;
2017-L.7;c2f5601b-1195-05b5-4f63-bbb2dedea135;
6385;c2f5601b-1195-05b5-4f63-bbb2dedea135;
5999;c2f5601b-1195-05b5-4f63-bbb2dedea135;
5391;c2f5601b-1195-05b5-4f63-bbb2dedea135;
2828;c2f5601b-1195-05b5-4f63-bbb2dedea135;
9386;c2f5601b-1195-05b5-4f63-bbb2dedea135;
6081;c2f5601b-1195-05b5-4f63-bbb2dedea135;
4950;c2f5601b-1195-05b5-4f63-bbb2dedea135;
8487;c2f5601b-1195-05b5-4f63-bbb2dedea135;
8475;c2f5601b-1195-05b5-4f63-bbb2dedea135;
7058;c2f5601b-1195-05b5-4f63-bbb2dedea135;d5afe327-fde1-0edc-d878-e851b4479d3f
4638;c2f5601b-1195-05b5-4f63-bbb2dedea135;57636d6c-6495-1904-328c-3eff328cc029
349;c2f5601b-1195-05b5-4f63-bbb2dedea135;
REL-83;c2f5601b-1195-05b5-4f63-bbb2dedea135;
196;c2f5601b-1195-05b5-4f63-bbb2dedea135;
1996-L.o.b.68;c2f5601b-1195-05b5-4f63-bbb2dedea135;
549A;c2f5601b-1195-05b5-4f63-bbb2dedea135;d1c95051-e966-a27a-8bb5-93a4759e388c
9063;c2f5601b-1195-05b5-4f63-bbb2dedea135;
3589;c2f5601b-1195-05b5-4f63-bbb2dedea135;
2017-L.1;c2f5601b-1195-05b5-4f63-bbb2dedea135;
6074;c2f5601b-1195-05b5-4f63-bbb2dedea135;
2011-L.48;c2f5601b-1195-05b5-4f63-bbb2dedea135;
2017-L.6;c2f5601b-1195-05b5-4f63-bbb2dedea135;
2020-C.25(b);c2f5601b-1195-05b5-4f63-bbb2dedea135;ebe068a5-a4d5-1d31-3e7d-059abc8c9ced
777;c2f5601b-1195-05b5-4f63-bbb2dedea135;
3835;c2f5601b-1195-05b5-4f63-bbb2dedea135;
2011-L.7;c2f5601b-1195-05b5-4f63-bbb2dedea135;
1986-L.4;c2f5601b-1195-05b5-4f63-bbb2dedea135;
6066;c2f5601b-1195-05b5-4f63-bbb2dedea135;
5459;c2f5601b-1195-05b5-4f63-bbb2dedea135;
2668;c2f5601b-1195-05b5-4f63-bbb2dedea135;7ab8e9d1-1944-f0a2-975e-984aeb239879
2011-L.22;c2f5601b-1195-05b5-4f63-bbb2dedea135;
2011-L.2;c2f5601b-1195-05b5-4f63-bbb2dedea135;
2020-C.54;c2f5601b-1195-05b5-4f63-bbb2dedea135;e5b65b7a-a3c5-170e-6011-bda8215fd7bb
2011-L.24;c2f5601b-1195-05b5-4f63-bbb2dedea135;
3055;c2f5601b-1195-05b5-4f63-bbb2dedea135;
1987-L.13;c2f5601b-1195-05b5-4f63-bbb2dedea135;
2015-L.7;c2f5601b-1195-05b5-4f63-bbb2dedea135;
67;c2f5601b-1195-05b5-4f63-bbb2dedea135;
9802;c2f5601b-1195-05b5-4f63-bbb2dedea135;
2015-N.1;c2f5601b-1195-05b5-4f63-bbb2dedea135;933b4327-dee1-2d7a-cdf7-149965e9c640
REL-59;c2f5601b-1195-05b5-4f63-bbb2dedea135;
546A;c2f5601b-1195-05b5-4f63-bbb2dedea135;c271e72f-d111-c996-2aec-5f76ad746762
2020-C.23;c2f5601b-1195-05b5-4f63-bbb2dedea135;1f71e032-221a-7f4f-82c0-7c97cb755f6c
6058;c2f5601b-1195-05b5-4f63-bbb2dedea135;
2860;c2f5601b-1195-05b5-4f63-bbb2dedea135;affbcc70-49ac-2289-3197-c08f89adbbc8
2020-C.27;c2f5601b-1195-05b5-4f63-bbb2dedea135;3eacd064-ce4f-1498-d68d-f4fa72403022
REL-12;c2f5601b-1195-05b5-4f63-bbb2dedea135;
1972-R.4;c2f5601b-1195-05b5-4f63-bbb2dedea135;
1994-O.1;c2f5601b-1195-05b5-4f63-bbb2dedea135;079c6f88-0ab3-2f7e-c185-fa94d7bd6f00
8643A;c2f5601b-1195-05b5-4f63-bbb2dedea135;69368739-533c-97a2-c45e-5b7d5bbf8f9b
REL-48;c2f5601b-1195-05b5-4f63-bbb2dedea135;
6519;c2f5601b-1195-05b5-4f63-bbb2dedea135;b129f9ac-f0e1-4b83-d837-144c09417fb2
9356;c2f5601b-1195-05b5-4f63-bbb2dedea135;e50da3b2-64dd-9133-c38d-51aeb0a4b574
5850;c2f5601b-1195-05b5-4f63-bbb2dedea135;
REL-54;c2f5601b-1195-05b5-4f63-bbb2dedea135;
2015-R.12;c2f5601b-1195-05b5-4f63-bbb2dedea135;
8671;c2f5601b-1195-05b5-4f63-bbb2dedea135;47446f42-216c-34d9-787e-9e1628376ae5
2020-C.18;c2f5601b-1195-05b5-4f63-bbb2dedea135;80ce0316-d6d5-8a85-c344-8c1bf5853d2b
3060;c2f5601b-1195-05b5-4f63-bbb2dedea135;
357;c2f5601b-1195-05b5-4f63-bbb2dedea135;
6057;c2f5601b-1195-05b5-4f63-bbb2dedea135;7e3a1576-f757-6f16-698f-04789a5f9955
REL-50;c2f5601b-1195-05b5-4f63-bbb2dedea135;
5386;c2f5601b-1195-05b5-4f63-bbb2dedea135;
2020-C.28;c2f5601b-1195-05b5-4f63-bbb2dedea135;e7acc6cb-e496-a812-efcf-34234a6dc9f9
2760;c2f5601b-1195-05b5-4f63-bbb2dedea135;
1981-R.8;c2f5601b-1195-05b5-4f63-bbb2dedea135;
2013-L.5;c2f5601b-1195-05b5-4f63-bbb2dedea135;
1996-L.o.b.113;c2f5601b-1195-05b5-4f63-bbb2dedea135;
8504b;c2f5601b-1195-05b5-4f63-bbb2dedea135;
1996-L.o.b.95;c2f5601b-1195-05b5-4f63-bbb2dedea135;
2304;c2f5601b-1195-05b5-4f63-bbb2dedea135;2c7fdc55-a12e-0d95-6122-d56bcdce4c9c
2617;c2f5601b-1195-05b5-4f63-bbb2dedea135;
3582;c2f5601b-1195-05b5-4f63-bbb2dedea135;2dc809a0-de72-f24e-74da-c46642ba65d8
LV(C);c2f5601b-1195-05b5-4f63-bbb2dedea135;7c7f72a0-af84-f652-c246-4c602c7d48ba
7011(1);c2f5601b-1195-05b5-4f63-bbb2dedea135;c8b877f5-bac9-1600-969e-49b830606039
2568;c2f5601b-1195-05b5-4f63-bbb2dedea135;
2014-B.3;c2f5601b-1195-05b5-4f63-bbb2dedea135;d4104f5a-6088-3179-e376-faca6909f056
2565;c2f5601b-1195-05b5-4f63-bbb2dedea135;
6661;c2f5601b-1195-05b5-4f63-bbb2dedea135;ac84caf4-7bc2-e1cf-929e-ac27586428ce
2020-C.40;c2f5601b-1195-05b5-4f63-bbb2dedea135;f3eef48f-0519-97d6-889c-6c5237ecbcd7
2571;c2f5601b-1195-05b5-4f63-bbb2dedea135;
8262;c2f5601b-1195-05b5-4f63-bbb2dedea135;c72987db-f39a-f7bd-f18d-c27f61bc50f7
3802;c2f5601b-1195-05b5-4f63-bbb2dedea135;
2011-L.15;c2f5601b-1195-05b5-4f63-bbb2dedea135;
324;c2f5601b-1195-05b5-4f63-bbb2dedea135;
931;c2f5601b-1195-05b5-4f63-bbb2dedea135;9df08a97-ca2d-7918-509a-3c8f78800b11
2011-L.5;c2f5601b-1195-05b5-4f63-bbb2dedea135;
5429;c2f5601b-1195-05b5-4f63-bbb2dedea135;
5965;c2f5601b-1195-05b5-4f63-bbb2dedea135;
5458;c2f5601b-1195-05b5-4f63-bbb2dedea135;
REL-72;c2f5601b-1195-05b5-4f63-bbb2dedea135;
2612;c2f5601b-1195-05b5-4f63-bbb2dedea135;
3584;c2f5601b-1195-05b5-4f63-bbb2dedea135;aca2f578-69a5-8b1a-faf1-699e0913bb3c
5344;c2f5601b-1195-05b5-4f63-bbb2dedea135;
5892B;c2f5601b-1195-05b5-4f63-bbb2dedea135;
3045;c2f5601b-1195-05b5-4f63-bbb2dedea135;
REL-1;c2f5601b-1195-05b5-4f63-bbb2dedea135;
6198;c2f5601b-1195-05b5-4f63-bbb2dedea135;
6516;c2f5601b-1195-05b5-4f63-bbb2dedea135;c9549419-d4b7-89a9-f870-65b4b9d89403
1996-L.o.b.16;c2f5601b-1195-05b5-4f63-bbb2dedea135;
2013-R.7;c2f5601b-1195-05b5-4f63-bbb2dedea135;
1996-L.o.b.65;c2f5601b-1195-05b5-4f63-bbb2dedea135;
1996-L.o.b.147;c2f5601b-1195-05b5-4f63-bbb2dedea135;
7382;c2f5601b-1195-05b5-4f63-bbb2dedea135;bc6d56fb-1696-e9d4-e55c-4f354660467e
6089;c2f5601b-1195-05b5-4f63-bbb2dedea135;
9085;c2f5601b-1195-05b5-4f63-bbb2dedea135;
1996-L.o.b.22;c2f5601b-1195-05b5-4f63-bbb2dedea135;
2009-N.1;c2f5601b-1195-05b5-4f63-bbb2dedea135;e67c23b6-f947-93d8-e31d-bd062ff58d8c
696;c2f5601b-1195-05b5-4f63-bbb2dedea135;925a32d5-89a2-1c3e-1dee-e08143893dd6
2015-L.1;c2f5601b-1195-05b5-4f63-bbb2dedea135;
8500;c2f5601b-1195-05b5-4f63-bbb2dedea135;
6072(duplo?);c2f5601b-1195-05b5-4f63-bbb2dedea135;
6409;c2f5601b-1195-05b5-4f63-bbb2dedea135;
REL-99;c2f5601b-1195-05b5-4f63-bbb2dedea135;
1971-O.1;c2f5601b-1195-05b5-4f63-bbb2dedea135;0925c2e7-1cea-b144-ef88-0fdb959e0e6f
8514;c2f5601b-1195-05b5-4f63-bbb2dedea135;
9080;c2f5601b-1195-05b5-4f63-bbb2dedea135;
2020-C.37;c2f5601b-1195-05b5-4f63-bbb2dedea135;9daa1c20-e199-fe91-c001-7f4360694dfe
2505A;c2f5601b-1195-05b5-4f63-bbb2dedea135;
2018-L.5;c2f5601b-1195-05b5-4f63-bbb2dedea135;
8474;c2f5601b-1195-05b5-4f63-bbb2dedea135;
1996-L.o.b.28;c2f5601b-1195-05b5-4f63-bbb2dedea135;
2020-C.39;c2f5601b-1195-05b5-4f63-bbb2dedea135;a57c0d6a-bf90-ffd8-3d37-e8d668a98dfe
1996-L.o.b.19;c2f5601b-1195-05b5-4f63-bbb2dedea135;
5966;c2f5601b-1195-05b5-4f63-bbb2dedea135;
5848;c2f5601b-1195-05b5-4f63-bbb2dedea135;
1996-L.o.b.20;c2f5601b-1195-05b5-4f63-bbb2dedea135;
2669;c2f5601b-1195-05b5-4f63-bbb2dedea135;bf72d07c-373a-dbba-e50a-b5ff1e1e8340
8646A;c2f5601b-1195-05b5-4f63-bbb2dedea135;98b13190-2135-26cc-9471-5b9173a64188
3073;c2f5601b-1195-05b5-4f63-bbb2dedea135;
1996-L.o.b.138;c2f5601b-1195-05b5-4f63-bbb2dedea135;
2017-L.2;c2f5601b-1195-05b5-4f63-bbb2dedea135;
3047;c2f5601b-1195-05b5-4f63-bbb2dedea135;
3979;c2f5601b-1195-05b5-4f63-bbb2dedea135;
350;c2f5601b-1195-05b5-4f63-bbb2dedea135;
2020-C.16;c2f5601b-1195-05b5-4f63-bbb2dedea135;43bbbee8-5aa2-5535-fefe-df962d45fdcb
2020-C.26;c2f5601b-1195-05b5-4f63-bbb2dedea135;735d6257-e142-f31b-3a20-e9d604fe059d
8485;c2f5601b-1195-05b5-4f63-bbb2dedea135;
8513D;c2f5601b-1195-05b5-4f63-bbb2dedea135;
2830;c2f5601b-1195-05b5-4f63-bbb2dedea135;
GGL-14;c2f5601b-1195-05b5-4f63-bbb2dedea135;
2867;c2f5601b-1195-05b5-4f63-bbb2dedea135;
4992;c2f5601b-1195-05b5-4f63-bbb2dedea135;
1996-L.o.b.109;c2f5601b-1195-05b5-4f63-bbb2dedea135;
2018-R.1;c2f5601b-1195-05b5-4f63-bbb2dedea135;
BL-1;c2f5601b-1195-05b5-4f63-bbb2dedea135;b9e95c26-be84-6bae-7d83-d46c2bc92074
5330;c2f5601b-1195-05b5-4f63-bbb2dedea135;
2812;c2f5601b-1195-05b5-4f63-bbb2dedea135;
941;c2f5601b-1195-05b5-4f63-bbb2dedea135;
2020-C.49;c2f5601b-1195-05b5-4f63-bbb2dedea135;e0c9f192-7bbf-0c66-6930-20eb0f1319f5
444;c2f5601b-1195-05b5-4f63-bbb2dedea135;c8faf204-bf28-2438-8443-cdfee9468e63
z.n.(O)_duplicate;c2f5601b-1195-05b5-4f63-bbb2dedea135;
2613;c2f5601b-1195-05b5-4f63-bbb2dedea135;
2011-L.16;c2f5601b-1195-05b5-4f63-bbb2dedea135;
6044;c2f5601b-1195-05b5-4f63-bbb2dedea135;
8030(2);c2f5601b-1195-05b5-4f63-bbb2dedea135;e5d6d518-b161-426f-6089-c65a2e94d7bb
8626;c2f5601b-1195-05b5-4f63-bbb2dedea135;
3588;c2f5601b-1195-05b5-4f63-bbb2dedea135;38abda5e-7bef-d19a-164d-978061e62a08
1986-L.3;c2f5601b-1195-05b5-4f63-bbb2dedea135;
3052;c2f5601b-1195-05b5-4f63-bbb2dedea135;
REL-34;c2f5601b-1195-05b5-4f63-bbb2dedea135;
3984;c2f5601b-1195-05b5-4f63-bbb2dedea135;
2016-L.1;c2f5601b-1195-05b5-4f63-bbb2dedea135;
5280;c2f5601b-1195-05b5-4f63-bbb2dedea135;
REL-71;c2f5601b-1195-05b5-4f63-bbb2dedea135;
2026-R.1;c2f5601b-1195-05b5-4f63-bbb2dedea135;
2011-L.14;c2f5601b-1195-05b5-4f63-bbb2dedea135;
8961(2);c2f5601b-1195-05b5-4f63-bbb2dedea135;
517;c2f5601b-1195-05b5-4f63-bbb2dedea135;78e87d39-d8fe-3c80-63eb-403d5a1d9a3f
8660;c2f5601b-1195-05b5-4f63-bbb2dedea135;90152583-f852-36ac-b5dd-7e83aabbcff4
REL-46;c2f5601b-1195-05b5-4f63-bbb2dedea135;
6751;c2f5601b-1195-05b5-4f63-bbb2dedea135;e4c2addd-16c4-76e9-48b3-096f70a812de
1987-L.8;c2f5601b-1195-05b5-4f63-bbb2dedea135;
6619;c2f5601b-1195-05b5-4f63-bbb2dedea135;
2020-C.50;c2f5601b-1195-05b5-4f63-bbb2dedea135;d2cabe14-0071-e29a-901e-19c24486d063
8526;c2f5601b-1195-05b5-4f63-bbb2dedea135;
3586;c2f5601b-1195-05b5-4f63-bbb2dedea135;bd84f3eb-4363-839d-38e2-1872953e5dd6
2018-C.2;c2f5601b-1195-05b5-4f63-bbb2dedea135;
2013-L.10;c2f5601b-1195-05b5-4f63-bbb2dedea135;
797;c2f5601b-1195-05b5-4f63-bbb2dedea135;
8298;c2f5601b-1195-05b5-4f63-bbb2dedea135;
8528;c2f5601b-1195-05b5-4f63-bbb2dedea135;
844;c2f5601b-1195-05b5-4f63-bbb2dedea135;28b02d7f-a138-586b-36d8-46356858d7bb
2015-R.8;c2f5601b-1195-05b5-4f63-bbb2dedea135;
REL-64;c2f5601b-1195-05b5-4f63-bbb2dedea135;
2011-L.11;c2f5601b-1195-05b5-4f63-bbb2dedea135;
5479;c2f5601b-1195-05b5-4f63-bbb2dedea135;a4274e5b-6dab-cc18-691b-7af2aa982a8a
6221;c2f5601b-1195-05b5-4f63-bbb2dedea135;0d150303-9578-72f5-1d73-b9c3716e0dfb
162;c2f5601b-1195-05b5-4f63-bbb2dedea135;
359;c2f5601b-1195-05b5-4f63-bbb2dedea135;
2011-L.43;c2f5601b-1195-05b5-4f63-bbb2dedea135;
REL-37;c2f5601b-1195-05b5-4f63-bbb2dedea135;
4841;c2f5601b-1195-05b5-4f63-bbb2dedea135;
2983;c2f5601b-1195-05b5-4f63-bbb2dedea135;
7127;c2f5601b-1195-05b5-4f63-bbb2dedea135;993e970f-0f98-feea-acc4-bc90c64dc1ec
764;c2f5601b-1195-05b5-4f63-bbb2dedea135;
3839B;c2f5601b-1195-05b5-4f63-bbb2dedea135;
2001-L.27;c2f5601b-1195-05b5-4f63-bbb2dedea135;
3786;c2f5601b-1195-05b5-4f63-bbb2dedea135;
3040A;c2f5601b-1195-05b5-4f63-bbb2dedea135;
2437;c2f5601b-1195-05b5-4f63-bbb2dedea135;23e1c24d-399a-6a15-7b60-5ec6c9ae3bb6
8537;c2f5601b-1195-05b5-4f63-bbb2dedea135;
184;c2f5601b-1195-05b5-4f63-bbb2dedea135;
2581;c2f5601b-1195-05b5-4f63-bbb2dedea135;
2020-C.52;c2f5601b-1195-05b5-4f63-bbb2dedea135;6769a8e6-6b1f-101e-957d-db84547cada2
8467;c2f5601b-1195-05b5-4f63-bbb2dedea135;
7331;c2f5601b-1195-05b5-4f63-bbb2dedea135;b86b53df-99af-565f-550b-2cfa8d54cf46
5861;c2f5601b-1195-05b5-4f63-bbb2dedea135;
REL-91;c2f5601b-1195-05b5-4f63-bbb2dedea135;
8638;c2f5601b-1195-05b5-4f63-bbb2dedea135;f192761f-f68f-d3aa-d8f1-4242d8083065
5851;c2f5601b-1195-05b5-4f63-bbb2dedea135;
3125;c2f5601b-1195-05b5-4f63-bbb2dedea135;
1986-R.1;c2f5601b-1195-05b5-4f63-bbb2dedea135;
2564;c2f5601b-1195-05b5-4f63-bbb2dedea135;
2623;c2f5601b-1195-05b5-4f63-bbb2dedea135;
9108(A);c2f5601b-1195-05b5-4f63-bbb2dedea135;61389126-f9a9-20c3-6cc0-b2ee47b84bf7
66;c2f5601b-1195-05b5-4f63-bbb2dedea135;
5528;c2f5601b-1195-05b5-4f63-bbb2dedea135;
348;c2f5601b-1195-05b5-4f63-bbb2dedea135;
3431;c2f5601b-1195-05b5-4f63-bbb2dedea135;fca689a9-1254-ae94-7f6b-6519d4af0295
2016-L.7;c2f5601b-1195-05b5-4f63-bbb2dedea135;
5939A;c2f5601b-1195-05b5-4f63-bbb2dedea135;
3522;c2f5601b-1195-05b5-4f63-bbb2dedea135;
8580A;c2f5601b-1195-05b5-4f63-bbb2dedea135;646ac5c7-5934-8b88-5aaf-95122404cd65
2011-L.29(duplo?);c2f5601b-1195-05b5-4f63-bbb2dedea135;
851A;c2f5601b-1195-05b5-4f63-bbb2dedea135;
REL-105;c2f5601b-1195-05b5-4f63-bbb2dedea135;
1996-L.o.b.91;c2f5601b-1195-05b5-4f63-bbb2dedea135;
3776;c2f5601b-1195-05b5-4f63-bbb2dedea135;
8636;c2f5601b-1195-05b5-4f63-bbb2dedea135;ba24b372-84ba-5e73-5987-27a5a2bd6105
2020-C.57;c2f5601b-1195-05b5-4f63-bbb2dedea135;435e562a-71c4-3762-3a64-022615f03bef
928;c2f5601b-1195-05b5-4f63-bbb2dedea135;86fa79f6-36d8-e0ea-2a64-461757a239c8
6087;c2f5601b-1195-05b5-4f63-bbb2dedea135;
2013-B.3;c2f5601b-1195-05b5-4f63-bbb2dedea135;090f63f7-7084-d7ff-5020-a78965e9f9cd
2017-L.4;c2f5601b-1195-05b5-4f63-bbb2dedea135;
2426;c2f5601b-1195-05b5-4f63-bbb2dedea135;630e10c7-8a69-4b30-b058-370f532b39fd
2016-L.9;c2f5601b-1195-05b5-4f63-bbb2dedea135;
2011-R.1;c2f5601b-1195-05b5-4f63-bbb2dedea135;
8869;c2f5601b-1195-05b5-4f63-bbb2dedea135;0bb0dd6d-1a2b-5f6a-f112-729f8aca2a94
9010;c2f5601b-1195-05b5-4f63-bbb2dedea135;
5864;c2f5601b-1195-05b5-4f63-bbb2dedea135;
1994-O.5;c2f5601b-1195-05b5-4f63-bbb2dedea135;15b66ddb-db72-53e4-16f8-e267996f0860
2422;c2f5601b-1195-05b5-4f63-bbb2dedea135;f0fb04f6-d91b-57d8-06cf-6110539ff227
3831;c2f5601b-1195-05b5-4f63-bbb2dedea135;
REL-55;c2f5601b-1195-05b5-4f63-bbb2dedea135;
2011-L.45;c2f5601b-1195-05b5-4f63-bbb2dedea135;
2527;c2f5601b-1195-05b5-4f63-bbb2dedea135;
8465;c2f5601b-1195-05b5-4f63-bbb2dedea135;
7098;c2f5601b-1195-05b5-4f63-bbb2dedea135;3e873226-6d81-5b96-e2fa-3ecc1561cd5f
1996-L.o.b.21;c2f5601b-1195-05b5-4f63-bbb2dedea135;
5366;c2f5601b-1195-05b5-4f63-bbb2dedea135;
9807;c2f5601b-1195-05b5-4f63-bbb2dedea135;
5869A;c2f5601b-1195-05b5-4f63-bbb2dedea135;
3645;c2f5601b-1195-05b5-4f63-bbb2dedea135;21d10769-c515-e7b6-0bb7-76c69e1cc0ad
9339;c2f5601b-1195-05b5-4f63-bbb2dedea135;
9084;c2f5601b-1195-05b5-4f63-bbb2dedea135;
2976;c2f5601b-1195-05b5-4f63-bbb2dedea135;
2842;c2f5601b-1195-05b5-4f63-bbb2dedea135;
3044;c2f5601b-1195-05b5-4f63-bbb2dedea135;
1996-L.o.b.107;c2f5601b-1195-05b5-4f63-bbb2dedea135;
2011-L.31;c2f5601b-1195-05b5-4f63-bbb2dedea135;
9224A;c2f5601b-1195-05b5-4f63-bbb2dedea135;
7872;c2f5601b-1195-05b5-4f63-bbb2dedea135;
2594;c2f5601b-1195-05b5-4f63-bbb2dedea135;
5363;c2f5601b-1195-05b5-4f63-bbb2dedea135;
1996-L.o.b.109(duplo?);c2f5601b-1195-05b5-4f63-bbb2dedea135;
2573;c2f5601b-1195-05b5-4f63-bbb2dedea135;
2820;c2f5601b-1195-05b5-4f63-bbb2dedea135;
7124;c2f5601b-1195-05b5-4f63-bbb2dedea135;890d04d0-04fd-1e8a-af00-7f0280155f7f
1993-L.1;c2f5601b-1195-05b5-4f63-bbb2dedea135;
1996-L.o.b.33;c2f5601b-1195-05b5-4f63-bbb2dedea135;
2816;c2f5601b-1195-05b5-4f63-bbb2dedea135;
5657;c2f5601b-1195-05b5-4f63-bbb2dedea135;
1996-L.o.b.216;c2f5601b-1195-05b5-4f63-bbb2dedea135;
5916;c2f5601b-1195-05b5-4f63-bbb2dedea135;
7062;c2f5601b-1195-05b5-4f63-bbb2dedea135;
7019;c2f5601b-1195-05b5-4f63-bbb2dedea135;8d43d3a5-c7b6-5a70-ff46-8b9276b2d5e8
LVII(A);c2f5601b-1195-05b5-4f63-bbb2dedea135;7b01a6e0-eed0-30b4-b01a-907cef19c1f9
5334;c2f5601b-1195-05b5-4f63-bbb2dedea135;
6654;c2f5601b-1195-05b5-4f63-bbb2dedea135;013cc4ad-32bc-edec-1982-cebfcf990cc6
2013-R.4;c2f5601b-1195-05b5-4f63-bbb2dedea135;
2011-L.29;c2f5601b-1195-05b5-4f63-bbb2dedea135;
GGL-19;c2f5601b-1195-05b5-4f63-bbb2dedea135;
2401;c2f5601b-1195-05b5-4f63-bbb2dedea135;0387adac-aad9-02d4-666b-aed3fa5bd668
3644;c2f5601b-1195-05b5-4f63-bbb2dedea135;1039d441-3146-0523-734e-373962f38707
CL-7;c2f5601b-1195-05b5-4f63-bbb2dedea135;2ef22d03-cc7e-079a-d86f-e24ae92ee838
2408;c2f5601b-1195-05b5-4f63-bbb2dedea135;
2015-L.2;c2f5601b-1195-05b5-4f63-bbb2dedea135;
2025-B.1;c2f5601b-1195-05b5-4f63-bbb2dedea135;17a432d8-c743-604f-0611-e75395333ca4
2020-C.48;c2f5601b-1195-05b5-4f63-bbb2dedea135;4d89f4fe-31e6-e907-e9e9-9171c52148aa
2020-C.7;c2f5601b-1195-05b5-4f63-bbb2dedea135;559a946a-7bb3-b319-9598-f6fdfaacdd05
6852;c2f5601b-1195-05b5-4f63-bbb2dedea135;5b8e3c95-c7df-1a41-8da1-d153e6d012f7
4505;c2f5601b-1195-05b5-4f63-bbb2dedea135;2c2a7ddf-4f2d-7a39-7437-f25bd060bc7c
1996-L.o.b.56;c2f5601b-1195-05b5-4f63-bbb2dedea135;
9011;c2f5601b-1195-05b5-4f63-bbb2dedea135;
4847;c2f5601b-1195-05b5-4f63-bbb2dedea135;
2020-C.4;c2f5601b-1195-05b5-4f63-bbb2dedea135;c7a2175f-a997-f1aa-4aea-0df0aabca603
2020-C.33;c2f5601b-1195-05b5-4f63-bbb2dedea135;1199a08d-a40e-b10f-67d8-742df55dd9b9
7675;c2f5601b-1195-05b5-4f63-bbb2dedea135;f06a697b-4d67-f62d-575d-2942e897523e
REL-39;c2f5601b-1195-05b5-4f63-bbb2dedea135;
8534;c2f5601b-1195-05b5-4f63-bbb2dedea135;
GGL-11;c2f5601b-1195-05b5-4f63-bbb2dedea135;
5753;c2f5601b-1195-05b5-4f63-bbb2dedea135;
2020-C.8;c2f5601b-1195-05b5-4f63-bbb2dedea135;f75bbed9-d683-f695-126f-cb21b703c5b5
6752;c2f5601b-1195-05b5-4f63-bbb2dedea135;265a406c-05bc-20b0-8b56-1c6c54f0cca9
1973-L.2;c2f5601b-1195-05b5-4f63-bbb2dedea135;
2615;c2f5601b-1195-05b5-4f63-bbb2dedea135;
8463;c2f5601b-1195-05b5-4f63-bbb2dedea135;
XXXI;c2f5601b-1195-05b5-4f63-bbb2dedea135;acb73519-23ff-d354-0a47-84f3216bbb8c
REL-15;c2f5601b-1195-05b5-4f63-bbb2dedea135;
298;c2f5601b-1195-05b5-4f63-bbb2dedea135;
194;c2f5601b-1195-05b5-4f63-bbb2dedea135;4f1cc4b6-c24f-d25f-78b9-76c74f6f0148
8491;c2f5601b-1195-05b5-4f63-bbb2dedea135;
2013-R.6;c2f5601b-1195-05b5-4f63-bbb2dedea135;
z.n.(O)_duplicate_duplicate;c2f5601b-1195-05b5-4f63-bbb2dedea135;
REL-10;c2f5601b-1195-05b5-4f63-bbb2dedea135;
2011-C.1;c2f5601b-1195-05b5-4f63-bbb2dedea135;9d6c4ece-c4c8-5d80-f83a-7e641b235c84
8575A;c2f5601b-1195-05b5-4f63-bbb2dedea135;b426d0ea-646c-7c3d-94d0-7b77d259a1eb
8541;c2f5601b-1195-05b5-4f63-bbb2dedea135;
8541(11)(duplo?);c2f5601b-1195-05b5-4f63-bbb2dedea135;
5847;c2f5601b-1195-05b5-4f63-bbb2dedea135;
2843;c2f5601b-1195-05b5-4f63-bbb2dedea135;
767;c2f5601b-1195-05b5-4f63-bbb2dedea135;
3042;c2f5601b-1195-05b5-4f63-bbb2dedea135;
5926;c2f5601b-1195-05b5-4f63-bbb2dedea135;
1987-L.7;c2f5601b-1195-05b5-4f63-bbb2dedea135;
1972-L.1;c2f5601b-1195-05b5-4f63-bbb2dedea135;
2013-L.6;c2f5601b-1195-05b5-4f63-bbb2dedea135;
7668;c2f5601b-1195-05b5-4f63-bbb2dedea135;547dd685-e8ef-3303-daaa-53faaa3dd714
1996-L.o.b.9;c2f5601b-1195-05b5-4f63-bbb2dedea135;
3594;c2f5601b-1195-05b5-4f63-bbb2dedea135;
1972-C.1;c2f5601b-1195-05b5-4f63-bbb2dedea135;
8509;c2f5601b-1195-05b5-4f63-bbb2dedea135;
3764;c2f5601b-1195-05b5-4f63-bbb2dedea135;
5335;c2f5601b-1195-05b5-4f63-bbb2dedea135;
8641;c2f5601b-1195-05b5-4f63-bbb2dedea135;a724b751-36d0-ec12-9df7-c7d01100b520
GGL-21;c2f5601b-1195-05b5-4f63-bbb2dedea135;
5517;c2f5601b-1195-05b5-4f63-bbb2dedea135;
1972-R.3;c2f5601b-1195-05b5-4f63-bbb2dedea135;
8574;c2f5601b-1195-05b5-4f63-bbb2dedea135;a24cf3bc-0161-a84c-422b-1bdd0dbbf64d
3651;c2f5601b-1195-05b5-4f63-bbb2dedea135;317bd4c0-f24c-04ca-10b9-a24fe04c7935
7871;c2f5601b-1195-05b5-4f63-bbb2dedea135;
REL-66;c2f5601b-1195-05b5-4f63-bbb2dedea135;
1996-L.o.b.96;c2f5601b-1195-05b5-4f63-bbb2dedea135;
3053;c2f5601b-1195-05b5-4f63-bbb2dedea135;
5522;c2f5601b-1195-05b5-4f63-bbb2dedea135;
7010;c2f5601b-1195-05b5-4f63-bbb2dedea135;53a8db77-9472-88ff-e76b-57bd248cbf37
3967;c2f5601b-1195-05b5-4f63-bbb2dedea135;
800;c2f5601b-1195-05b5-4f63-bbb2dedea135;
8541B;c2f5601b-1195-05b5-4f63-bbb2dedea135;
514b;c2f5601b-1195-05b5-4f63-bbb2dedea135;c3951b09-3617-9df8-2651-fe649bb5154a
REL-6;c2f5601b-1195-05b5-4f63-bbb2dedea135;
1987-L.9;c2f5601b-1195-05b5-4f63-bbb2dedea135;
364;c2f5601b-1195-05b5-4f63-bbb2dedea135;
1981-R.5;c2f5601b-1195-05b5-4f63-bbb2dedea135;
1996-L.o.b.46;c2f5601b-1195-05b5-4f63-bbb2dedea135;
3057;c2f5601b-1195-05b5-4f63-bbb2dedea135;
GGL-10;c2f5601b-1195-05b5-4f63-bbb2dedea135;
8518;c2f5601b-1195-05b5-4f63-bbb2dedea135;
3798;c2f5601b-1195-05b5-4f63-bbb2dedea135;
1987-L.6;c2f5601b-1195-05b5-4f63-bbb2dedea135;
II(A);c2f5601b-1195-05b5-4f63-bbb2dedea135;3230f4a6-7b0c-2916-a6ce-942c6f18179d
5148;c2f5601b-1195-05b5-4f63-bbb2dedea135;
1996-L.o.b.63;c2f5601b-1195-05b5-4f63-bbb2dedea135;
6091A;c2f5601b-1195-05b5-4f63-bbb2dedea135;
2015-R.11;c2f5601b-1195-05b5-4f63-bbb2dedea135;
9306;c2f5601b-1195-05b5-4f63-bbb2dedea135;cbfe82b3-67a7-068b-ba60-77e7386d4d31
5856;c2f5601b-1195-05b5-4f63-bbb2dedea135;
REL-100;c2f5601b-1195-05b5-4f63-bbb2dedea135;
5138;c2f5601b-1195-05b5-4f63-bbb2dedea135;
3585;c2f5601b-1195-05b5-4f63-bbb2dedea135;d1ef4330-24f3-b89a-ded1-66f786fefa01
1987-L.2;c2f5601b-1195-05b5-4f63-bbb2dedea135;
1971-L.1;c2f5601b-1195-05b5-4f63-bbb2dedea135;
1996-L.o.b.13;c2f5601b-1195-05b5-4f63-bbb2dedea135;
1987-L.4;c2f5601b-1195-05b5-4f63-bbb2dedea135;
2011-B.5;c2f5601b-1195-05b5-4f63-bbb2dedea135;f570275f-cae2-ef1d-b303-460e79e11138
6090;c2f5601b-1195-05b5-4f63-bbb2dedea135;
2976(duplo?);c2f5601b-1195-05b5-4f63-bbb2dedea135;
5810;c2f5601b-1195-05b5-4f63-bbb2dedea135;
5364;c2f5601b-1195-05b5-4f63-bbb2dedea135;
5675;c2f5601b-1195-05b5-4f63-bbb2dedea135;
1996-L.o.b.49;c2f5601b-1195-05b5-4f63-bbb2dedea135;
2811;c2f5601b-1195-05b5-4f63-bbb2dedea135;
8473;c2f5601b-1195-05b5-4f63-bbb2dedea135;
GGL-5;c2f5601b-1195-05b5-4f63-bbb2dedea135;4f3176f7-6d61-f164-d655-abce4cf72cfe
6848;c2f5601b-1195-05b5-4f63-bbb2dedea135;dfeeda6c-78bb-da34-c99d-a81c1ca583dc
1986-L.7;c2f5601b-1195-05b5-4f63-bbb2dedea135;
1986-L.16;c2f5601b-1195-05b5-4f63-bbb2dedea135;
5872;c2f5601b-1195-05b5-4f63-bbb2dedea135;
439;c2f5601b-1195-05b5-4f63-bbb2dedea135;
2020-C.55;c2f5601b-1195-05b5-4f63-bbb2dedea135;1f43ae44-83cc-a5a1-ba0d-25ecae8d7725
1993-L.13;c2f5601b-1195-05b5-4f63-bbb2dedea135;
5341A;c2f5601b-1195-05b5-4f63-bbb2dedea135;
REL-18;c2f5601b-1195-05b5-4f63-bbb2dedea135;
3040B;c2f5601b-1195-05b5-4f63-bbb2dedea135;
8269;c2f5601b-1195-05b5-4f63-bbb2dedea135;
2020-C.6;c2f5601b-1195-05b5-4f63-bbb2dedea135;74c96dc9-a54f-152c-aaf3-34f5bd9a640c
2333;c2f5601b-1195-05b5-4f63-bbb2dedea135;
REL-47;c2f5601b-1195-05b5-4f63-bbb2dedea135;
6068;c2f5601b-1195-05b5-4f63-bbb2dedea135;
1996-L.o.b.87;c2f5601b-1195-05b5-4f63-bbb2dedea135;
1972-C.4;c2f5601b-1195-05b5-4f63-bbb2dedea135;
3961;c2f5601b-1195-05b5-4f63-bbb2dedea135;
6850;c2f5601b-1195-05b5-4f63-bbb2dedea135;ad8d8f19-2179-fbb6-f142-ef6c37e95ded
5374;c2f5601b-1195-05b5-4f63-bbb2dedea135;
934;c2f5601b-1195-05b5-4f63-bbb2dedea135;
5969;c2f5601b-1195-05b5-4f63-bbb2dedea135;
6845A;c2f5601b-1195-05b5-4f63-bbb2dedea135;
2025-R.2;c2f5601b-1195-05b5-4f63-bbb2dedea135;
z.n.(O)_duplicate_duplicate_duplicate;c2f5601b-1195-05b5-4f63-bbb2dedea135;
3774;c2f5601b-1195-05b5-4f63-bbb2dedea135;
6077;c2f5601b-1195-05b5-4f63-bbb2dedea135;
4512;c2f5601b-1195-05b5-4f63-bbb2dedea135;18f38c20-0bf6-1452-e55a-281ad0ce7873
6981;c2f5601b-1195-05b5-4f63-bbb2dedea135;
2011-L.13;c2f5601b-1195-05b5-4f63-bbb2dedea135;
6069;c2f5601b-1195-05b5-4f63-bbb2dedea135;
1996-L.o.b.133;c2f5601b-1195-05b5-4f63-bbb2dedea135;
8507;c2f5601b-1195-05b5-4f63-bbb2dedea135;
3591;c2f5601b-1195-05b5-4f63-bbb2dedea135;
1975-O.1;c2f5601b-1195-05b5-4f63-bbb2dedea135;
2020-C.56;c2f5601b-1195-05b5-4f63-bbb2dedea135;5e1b1ae9-958a-f2be-0201-66237bff0339
6487;c2f5601b-1195-05b5-4f63-bbb2dedea135;
8501A;c2f5601b-1195-05b5-4f63-bbb2dedea135;
REL-5;c2f5601b-1195-05b5-4f63-bbb2dedea135;
5053;c2f5601b-1195-05b5-4f63-bbb2dedea135;
2013-R.2;c2f5601b-1195-05b5-4f63-bbb2dedea135;
REL-93;c2f5601b-1195-05b5-4f63-bbb2dedea135;
2583;c2f5601b-1195-05b5-4f63-bbb2dedea135;
2011-B.4;c2f5601b-1195-05b5-4f63-bbb2dedea135;16ae2ba6-c536-e05a-fd30-025b368ab056
1996-L.o.b.79;c2f5601b-1195-05b5-4f63-bbb2dedea135;
6668;c2f5601b-1195-05b5-4f63-bbb2dedea135;2f9c552f-4c30-fbd6-4d47-da0bcfc743e6
316;c2f5601b-1195-05b5-4f63-bbb2dedea135;
REL-106;c2f5601b-1195-05b5-4f63-bbb2dedea135;
6529;c2f5601b-1195-05b5-4f63-bbb2dedea135;41f540c7-f11b-d9e6-265c-dc46920a3257
4442;c2f5601b-1195-05b5-4f63-bbb2dedea135;
2572;c2f5601b-1195-05b5-4f63-bbb2dedea135;
5892A;c2f5601b-1195-05b5-4f63-bbb2dedea135;
8381A(2);c2f5601b-1195-05b5-4f63-bbb2dedea135;
2585;c2f5601b-1195-05b5-4f63-bbb2dedea135;
2016-L.6;c2f5601b-1195-05b5-4f63-bbb2dedea135;
2020-C.14;c2f5601b-1195-05b5-4f63-bbb2dedea135;54c4f09d-9ab1-3fe6-ed62-28b1a87cf560
2020-R.4;c2f5601b-1195-05b5-4f63-bbb2dedea135;
2306;c2f5601b-1195-05b5-4f63-bbb2dedea135;0fbb319a-f13a-9f61-53e5-97143c402e5b
300(2);c2f5601b-1195-05b5-4f63-bbb2dedea135;4f0a1290-28fc-76fc-5765-e03430d9de62
REL-90;c2f5601b-1195-05b5-4f63-bbb2dedea135;
7011(2);c2f5601b-1195-05b5-4f63-bbb2dedea135;a4e0b121-0475-fb37-3d06-ca3599a1dd5a
REL-102;c2f5601b-1195-05b5-4f63-bbb2dedea135;
2020-C.35;c2f5601b-1195-05b5-4f63-bbb2dedea135;31910209-86b8-9a4e-6653-cbf96cbf8de4
6506;c2f5601b-1195-05b5-4f63-bbb2dedea135;
6662;c2f5601b-1195-05b5-4f63-bbb2dedea135;f9d51dda-8faf-1df4-0b05-95d10b4a58da
6075;c2f5601b-1195-05b5-4f63-bbb2dedea135;
9086;c2f5601b-1195-05b5-4f63-bbb2dedea135;
6259;c2f5601b-1195-05b5-4f63-bbb2dedea135;c46fca5d-841d-3aab-8417-78d412e6a110
3336A;c2f5601b-1195-05b5-4f63-bbb2dedea135;
3642;c2f5601b-1195-05b5-4f63-bbb2dedea135;79ba775a-4e3c-839d-d997-2a8c9598e125
8513(15);c2f5601b-1195-05b5-4f63-bbb2dedea135;
8637;c2f5601b-1195-05b5-4f63-bbb2dedea135;3d877c07-0276-af09-a398-04c873ab1d10
5150;c2f5601b-1195-05b5-4f63-bbb2dedea135;b0384b5a-77f7-ab52-cbd2-95bfdd51c8d1
REL-9;c2f5601b-1195-05b5-4f63-bbb2dedea135;
7874;c2f5601b-1195-05b5-4f63-bbb2dedea135;e1c4f074-c2f9-cfe0-65fb-bfcf30078f53
1996-L.o.b.145;c2f5601b-1195-05b5-4f63-bbb2dedea135;
8652;c2f5601b-1195-05b5-4f63-bbb2dedea135;0aa72504-082b-f944-7e2d-a7b6318956d9
353;c2f5601b-1195-05b5-4f63-bbb2dedea135;
8525;c2f5601b-1195-05b5-4f63-bbb2dedea135;
2018-L.6;c2f5601b-1195-05b5-4f63-bbb2dedea135;
547;c2f5601b-1195-05b5-4f63-bbb2dedea135;a7587788-b668-3a4b-515e-f573f83ff58e
8630;c2f5601b-1195-05b5-4f63-bbb2dedea135;e67e98c2-3e1d-7445-bdaa-f46a7e740c68
2020-C.51;c2f5601b-1195-05b5-4f63-bbb2dedea135;926bfd85-4ba2-3dc2-ba43-f0d12802ddb2
8478;c2f5601b-1195-05b5-4f63-bbb2dedea135;
2865;c2f5601b-1195-05b5-4f63-bbb2dedea135;
6669;c2f5601b-1195-05b5-4f63-bbb2dedea135;0f879af5-e638-592b-5f62-68dd2bc0faea
1996-L.o.b.116;c2f5601b-1195-05b5-4f63-bbb2dedea135;
1986-L.15;c2f5601b-1195-05b5-4f63-bbb2dedea135;
1994-O.4;c2f5601b-1195-05b5-4f63-bbb2dedea135;a172d501-ed52-af38-6fe8-df65997b104b
6660;c2f5601b-1195-05b5-4f63-bbb2dedea135;08851778-9edf-fa4b-6b5f-e75ada0f1b59
295;c2f5601b-1195-05b5-4f63-bbb2dedea135;
6520;c2f5601b-1195-05b5-4f63-bbb2dedea135;85ed1d32-e9e5-2f2d-358a-879c24b0a4ab
8645;c2f5601b-1195-05b5-4f63-bbb2dedea135;05fdb68e-4bd2-2947-d6b0-38c6fc546119
2020-C.29;c2f5601b-1195-05b5-4f63-bbb2dedea135;63c42088-a320-107b-5025-4739700153f8
4978;c2f5601b-1195-05b5-4f63-bbb2dedea135;
1981-R.1;c2f5601b-1195-05b5-4f63-bbb2dedea135;496cd58d-2819-f5c7-e622-f88ebec6368f
1996-L.o.b.132;c2f5601b-1195-05b5-4f63-bbb2dedea135;
5337;c2f5601b-1195-05b5-4f63-bbb2dedea135;
2313A;c2f5601b-1195-05b5-4f63-bbb2dedea135;
GGL-8;c2f5601b-1195-05b5-4f63-bbb2dedea135;59810907-67a7-a395-e0a6-bcee37207ebf
546;c2f5601b-1195-05b5-4f63-bbb2dedea135;2501d243-4b8f-63f2-c6a0-cf9c8677038b
CL-16;c2f5601b-1195-05b5-4f63-bbb2dedea135;56c4f442-054e-1129-87d7-a17055b53941
80;c2f5601b-1195-05b5-4f63-bbb2dedea135;fc0f1fe2-6719-4019-d074-f5d16499d893
5375;c2f5601b-1195-05b5-4f63-bbb2dedea135;
1996-L.o.b.52;c2f5601b-1195-05b5-4f63-bbb2dedea135;
6085;c2f5601b-1195-05b5-4f63-bbb2dedea135;
REL-97;c2f5601b-1195-05b5-4f63-bbb2dedea135;
5967;c2f5601b-1195-05b5-4f63-bbb2dedea135;
2835;c2f5601b-1195-05b5-4f63-bbb2dedea135;
6140A;c2f5601b-1195-05b5-4f63-bbb2dedea135;4eff4762-2d73-9cd6-1105-e3a238dc2866
REL-28;c2f5601b-1195-05b5-4f63-bbb2dedea135;
8248;c2f5601b-1195-05b5-4f63-bbb2dedea135;
9803;c2f5601b-1195-05b5-4f63-bbb2dedea135;
1994-O.8;c2f5601b-1195-05b5-4f63-bbb2dedea135;aecbe143-d5df-c449-0665-01f4a50075fd
3968;c2f5601b-1195-05b5-4f63-bbb2dedea135;
6528;c2f5601b-1195-05b5-4f63-bbb2dedea135;1c8d62ba-2817-baf0-e596-e7f7e5d778cd
322;c2f5601b-1195-05b5-4f63-bbb2dedea135;
8527;c2f5601b-1195-05b5-4f63-bbb2dedea135;
2020-C.11;c2f5601b-1195-05b5-4f63-bbb2dedea135;c07e6f18-771a-d643-158c-95d213185aac
548;c2f5601b-1195-05b5-4f63-bbb2dedea135;e743bb29-4047-85ba-1af7-164e78c3dd3b
2720;c2f5601b-1195-05b5-4f63-bbb2dedea135;d23b72df-4a92-19e8-ae71-4709f4d5ecfd
1972-N.3;c2f5601b-1195-05b5-4f63-bbb2dedea135;4ec45237-4f07-c975-132c-95f9a122ba7c
7682;c2f5601b-1195-05b5-4f63-bbb2dedea135;4bc6ab47-06a0-6389-7f06-f7a34d1876c1
8581;c2f5601b-1195-05b5-4f63-bbb2dedea135;
REL-60;c2f5601b-1195-05b5-4f63-bbb2dedea135;
3971;c2f5601b-1195-05b5-4f63-bbb2dedea135;66081587-e0b2-c61c-ff19-6ec287bb864c
5332;c2f5601b-1195-05b5-4f63-bbb2dedea135;
355;c2f5601b-1195-05b5-4f63-bbb2dedea135;
7397;c2f5601b-1195-05b5-4f63-bbb2dedea135;
7697;c2f5601b-1195-05b5-4f63-bbb2dedea135;b9131009-ace6-3033-79d9-45dd5eff3ff9
8628;c2f5601b-1195-05b5-4f63-bbb2dedea135;
296;c2f5601b-1195-05b5-4f63-bbb2dedea135;
2838;c2f5601b-1195-05b5-4f63-bbb2dedea135;
2015-R.6;c2f5601b-1195-05b5-4f63-bbb2dedea135;
2819;c2f5601b-1195-05b5-4f63-bbb2dedea135;
GGL-3;c2f5601b-1195-05b5-4f63-bbb2dedea135;0a870ef0-cb13-35de-e6ca-4b9a77282396
1986-L.8;c2f5601b-1195-05b5-4f63-bbb2dedea135;
1996-L.o.b.71;c2f5601b-1195-05b5-4f63-bbb2dedea135;
294;c2f5601b-1195-05b5-4f63-bbb2dedea135;
8647A;c2f5601b-1195-05b5-4f63-bbb2dedea135;f288a4c1-6a77-f61e-a3cb-b178a39d1c49
2020-C.34;c2f5601b-1195-05b5-4f63-bbb2dedea135;a71af0a4-cace-e208-0a3e-0f902f31681b
2017-L.10;c2f5601b-1195-05b5-4f63-bbb2dedea135;
2016-L.4;c2f5601b-1195-05b5-4f63-bbb2dedea135;
REL-68;c2f5601b-1195-05b5-4f63-bbb2dedea135;
326;c2f5601b-1195-05b5-4f63-bbb2dedea135;
1996-L.o.b.92;c2f5601b-1195-05b5-4f63-bbb2dedea135;
6107;c2f5601b-1195-05b5-4f63-bbb2dedea135;
2863;c2f5601b-1195-05b5-4f63-bbb2dedea135;
3649;c2f5601b-1195-05b5-4f63-bbb2dedea135;744fc805-d943-fcc1-bdb2-1b5e866a6d67
4506;c2f5601b-1195-05b5-4f63-bbb2dedea135;f9181c4b-84c9-4a78-1543-e01a7eade62a
6600A;c2f5601b-1195-05b5-4f63-bbb2dedea135;d9436883-0700-ff02-e09c-a0b014927841
9079;c2f5601b-1195-05b5-4f63-bbb2dedea135;
2011-L.35;c2f5601b-1195-05b5-4f63-bbb2dedea135;
1986-R.2;c2f5601b-1195-05b5-4f63-bbb2dedea135;
REL-108;c2f5601b-1195-05b5-4f63-bbb2dedea135;
2590;c2f5601b-1195-05b5-4f63-bbb2dedea135;
5353;c2f5601b-1195-05b5-4f63-bbb2dedea135;
4007;c2f5601b-1195-05b5-4f63-bbb2dedea135;
7269;c2f5601b-1195-05b5-4f63-bbb2dedea135;
5867A;c2f5601b-1195-05b5-4f63-bbb2dedea135;
REL-31;c2f5601b-1195-05b5-4f63-bbb2dedea135;
REL-58;c2f5601b-1195-05b5-4f63-bbb2dedea135;
3969;c2f5601b-1195-05b5-4f63-bbb2dedea135;97e61eb8-2a41-1873-55f2-1edd8e3d13b8
5914;c2f5601b-1195-05b5-4f63-bbb2dedea135;
1996-L.o.b.94;c2f5601b-1195-05b5-4f63-bbb2dedea135;
GGL-15;c2f5601b-1195-05b5-4f63-bbb2dedea135;
1974-R.1;c2f5601b-1195-05b5-4f63-bbb2dedea135;
7059A;c2f5601b-1195-05b5-4f63-bbb2dedea135;2b375b40-d8e7-76dd-72e9-dcf06b748aec
1996-L.o.b.118;c2f5601b-1195-05b5-4f63-bbb2dedea135;
5529;c2f5601b-1195-05b5-4f63-bbb2dedea135;
REL-33;c2f5601b-1195-05b5-4f63-bbb2dedea135;
8220;c2f5601b-1195-05b5-4f63-bbb2dedea135;1d27a4ff-99af-dc1c-55ba-c36a9c05105d
REL-73;c2f5601b-1195-05b5-4f63-bbb2dedea135;
5891;c2f5601b-1195-05b5-4f63-bbb2dedea135;
1994-O.2;c2f5601b-1195-05b5-4f63-bbb2dedea135;6b8b1723-18fe-c9f2-c1e9-d905c8c5baad
1996-L.o.b.64;c2f5601b-1195-05b5-4f63-bbb2dedea135;
2011-L.17;c2f5601b-1195-05b5-4f63-bbb2dedea135;
LVII(B);c2f5601b-1195-05b5-4f63-bbb2dedea135;50892d08-e16a-0440-ca7b-66c3f687cc43
104[check];c2f5601b-1195-05b5-4f63-bbb2dedea135;
2584;c2f5601b-1195-05b5-4f63-bbb2dedea135;
2831;c2f5601b-1195-05b5-4f63-bbb2dedea135;
6203;c2f5601b-1195-05b5-4f63-bbb2dedea135;
1986-L.6;c2f5601b-1195-05b5-4f63-bbb2dedea135;
5863;c2f5601b-1195-05b5-4f63-bbb2dedea135;
8640;c2f5601b-1195-05b5-4f63-bbb2dedea135;5877d93c-116a-ade6-ad13-494703678628
2011-L.40;c2f5601b-1195-05b5-4f63-bbb2dedea135;
345;c2f5601b-1195-05b5-4f63-bbb2dedea135;
2309;c2f5601b-1195-05b5-4f63-bbb2dedea135;0c263236-1347-063f-df82-16a5f7e556ff
8543(2);c2f5601b-1195-05b5-4f63-bbb2dedea135;
8381A(4);c2f5601b-1195-05b5-4f63-bbb2dedea135;
5352;c2f5601b-1195-05b5-4f63-bbb2dedea135;
3959;c2f5601b-1195-05b5-4f63-bbb2dedea135;
2011-L.47;c2f5601b-1195-05b5-4f63-bbb2dedea135;
6056;c2f5601b-1195-05b5-4f63-bbb2dedea135;7574d4cd-44d4-85f6-f72b-5e3885ddb4b0
2497;c2f5601b-1195-05b5-4f63-bbb2dedea135;e8138e02-4b93-614c-6a87-c0b62a7e3096
8546;c2f5601b-1195-05b5-4f63-bbb2dedea135;
8516;c2f5601b-1195-05b5-4f63-bbb2dedea135;
1996-L.o.b.61;c2f5601b-1195-05b5-4f63-bbb2dedea135;
4136;c2f5601b-1195-05b5-4f63-bbb2dedea135;58c4b6ab-75bf-a719-f17c-cf11e75c9acf
8486;c2f5601b-1195-05b5-4f63-bbb2dedea135;
1996-L.o.b.29;c2f5601b-1195-05b5-4f63-bbb2dedea135;
6041;c2f5601b-1195-05b5-4f63-bbb2dedea135;ebfb1e92-f3df-2c2d-adbd-714dd22aee9e
8576;c2f5601b-1195-05b5-4f63-bbb2dedea135;1bd4efc0-169a-4ade-e24b-04d7f24de67f
2419A;c2f5601b-1195-05b5-4f63-bbb2dedea135;10945a4a-1ad8-fbe0-be47-fe6ab6343f2a
8517;c2f5601b-1195-05b5-4f63-bbb2dedea135;
2020-C.47;c2f5601b-1195-05b5-4f63-bbb2dedea135;b9a5b4b0-d70e-0cd6-8244-9e243ca0e449
7385;c2f5601b-1195-05b5-4f63-bbb2dedea135;78fc7e60-437c-61be-cc95-b577fd0c0797
3766;c2f5601b-1195-05b5-4f63-bbb2dedea135;
6060;c2f5601b-1195-05b5-4f63-bbb2dedea135;
2597;c2f5601b-1195-05b5-4f63-bbb2dedea135;
759;c2f5601b-1195-05b5-4f63-bbb2dedea135;
7265;c2f5601b-1195-05b5-4f63-bbb2dedea135;afab430a-06f9-d92d-a087-ed14afb0ef43
1996-L.o.b.18;c2f5601b-1195-05b5-4f63-bbb2dedea135;
REL-32;c2f5601b-1195-05b5-4f63-bbb2dedea135;
9808;c2f5601b-1195-05b5-4f63-bbb2dedea135;
5903;c2f5601b-1195-05b5-4f63-bbb2dedea135;
3839A;c2f5601b-1195-05b5-4f63-bbb2dedea135;
754;c2f5601b-1195-05b5-4f63-bbb2dedea135;
751;c2f5601b-1195-05b5-4f63-bbb2dedea135;
2014-B.1;c2f5601b-1195-05b5-4f63-bbb2dedea135;a4562f77-06d7-f391-5712-941dde762e64
2011-L.18;c2f5601b-1195-05b5-4f63-bbb2dedea135;
2020-C.38;c2f5601b-1195-05b5-4f63-bbb2dedea135;6d09d10e-55ca-a26c-61f5-6d6d1ce232c7
REL-52;c2f5601b-1195-05b5-4f63-bbb2dedea135;
2569;c2f5601b-1195-05b5-4f63-bbb2dedea135;
REL-17;c2f5601b-1195-05b5-4f63-bbb2dedea135;
1996-L.o.b.129;c2f5601b-1195-05b5-4f63-bbb2dedea135;
6658;c2f5601b-1195-05b5-4f63-bbb2dedea135;b445d438-f9a6-6f41-c527-1c3590105f87
2570A;c2f5601b-1195-05b5-4f63-bbb2dedea135;
1975-R.1;c2f5601b-1195-05b5-4f63-bbb2dedea135;
5999A;c2f5601b-1195-05b5-4f63-bbb2dedea135;
7090;c2f5601b-1195-05b5-4f63-bbb2dedea135;34f9311e-d9e6-081f-3998-e34475d0a0ea
8577;c2f5601b-1195-05b5-4f63-bbb2dedea135;99a2e3ba-e820-02c9-ea9f-1f08dac97a29
2020-C.43;c2f5601b-1195-05b5-4f63-bbb2dedea135;be73f416-c11c-8424-35fc-eef65d5336fe
514c;c2f5601b-1195-05b5-4f63-bbb2dedea135;8690fc9f-c4f8-f920-6328-5967b1249a8b
REL-76;c2f5601b-1195-05b5-4f63-bbb2dedea135;
2020-C.25(a);c2f5601b-1195-05b5-4f63-bbb2dedea135;9edb1891-eb0e-540e-ffef-44fa9c5e1a05
1986-L.6(duplo?);c2f5601b-1195-05b5-4f63-bbb2dedea135;
1996-L.o.b.17;c2f5601b-1195-05b5-4f63-bbb2dedea135;
6600B;c2f5601b-1195-05b5-4f63-bbb2dedea135;a6ed407a-bd9b-012e-c219-a78919821df8
1986-L.2;c2f5601b-1195-05b5-4f63-bbb2dedea135;
1996-L.o.b.106;c2f5601b-1195-05b5-4f63-bbb2dedea135;
4990;c2f5601b-1195-05b5-4f63-bbb2dedea135;
3056;c2f5601b-1195-05b5-4f63-bbb2dedea135;
1996-L.o.b.25;c2f5601b-1195-05b5-4f63-bbb2dedea135;
1972-L.3;c2f5601b-1195-05b5-4f63-bbb2dedea135;
3624;c2f5601b-1195-05b5-4f63-bbb2dedea135;
2011-L.1(duplo?);c2f5601b-1195-05b5-4f63-bbb2dedea135;
XCVIII;c2f5601b-1195-05b5-4f63-bbb2dedea135;a545e7eb-b65c-605c-e3c5-4894a56de52e
6876;c2f5601b-1195-05b5-4f63-bbb2dedea135;
6071;c2f5601b-1195-05b5-4f63-bbb2dedea135;
XXXII;c2f5601b-1195-05b5-4f63-bbb2dedea135;75c066da-6752-610a-ffb1-a5fddbdb5be8
8542(7);c2f5601b-1195-05b5-4f63-bbb2dedea135;
5894;c2f5601b-1195-05b5-4f63-bbb2dedea135;
2001-L.26;c2f5601b-1195-05b5-4f63-bbb2dedea135;
3058;c2f5601b-1195-05b5-4f63-bbb2dedea135;
2013-R.5;c2f5601b-1195-05b5-4f63-bbb2dedea135;
